operation,index,input_expr,ground_truth,model_output_tokens_raw,model_output_parsed,predicted_rule_raw,predicted_rule_mapped,true_rule,status,verified,output_token_count,target_token_count,hit_max_len_cap(32),truncation_signature_in_error,error_category,deserialize_error
partial,0,"{""op"": ""partial"", ""var"": ""z"", ""expr"": {""numi"": {""terms"": [{""coeff"": 2, ""var"": {""z"": 3}}, {""coeff"": 8, ""var"": {""x"": 3}}]}, ""deno"": 1}}","{""numi"": {""terms"": [{""coeff"": 6, ""var"": {""z"": 2}}]}, ""deno"": 1}",,,RULE_0,power_rule,power_rule,unverified,False,32,16,True,True,empty_output,Output deserialization failed: Expected token STRUCT:DENO but reached end of tokens
partial,1,"{""op"": ""partial"", ""var"": ""z"", ""expr"": {""numi"": {""terms"": [{""coeff"": -5, ""var"": {""z"": 1}}, {""coeff"": 6, ""var"": {""y"": 3}}]}, ""deno"": 1}}","{""numi"": {""terms"": [{""coeff"": -5}]}, ""deno"": 1}",,,RULE_7,partial_derivative,power_rule,unverified,False,32,14,True,True,empty_output,Output deserialization failed: Expected token STRUCT:CLOSE but reached end of tokens
partial,2,"{""op"": ""partial"", ""var"": ""z"", ""expr"": {""numi"": {""terms"": [{""coeff"": -9, ""var"": {""z"": 1}}, {""coeff"": 5, ""var"": {""y"": 5}}]}, ""deno"": 1}}","{""numi"": {""terms"": [{""coeff"": -9}]}, ""deno"": 1}",,,RULE_7,partial_derivative,power_rule,unverified,False,32,14,True,True,empty_output,Output deserialization failed: Expected token STRUCT:CLOSE but reached end of tokens
partial,3,"{""op"": ""partial"", ""var"": ""x"", ""expr"": {""numi"": {""terms"": [{""coeff"": -10, ""var"": {""x"": 1}}, {""coeff"": 10, ""var"": {""y"": 2}}]}, ""deno"": 1}}","{""numi"": {""terms"": [{""coeff"": -10}]}, ""deno"": 1}",,,RULE_0,power_rule,power_rule,unverified,False,32,14,True,True,empty_output,Output deserialization failed: Expected token STRUCT:DENO but reached end of tokens
partial,4,"{""op"": ""partial"", ""var"": ""y"", ""expr"": {""numi"": {""terms"": [{""coeff"": -1, ""var"": {""y"": 1}}, {""coeff"": 1, ""var"": {""x"": 4}}]}, ""deno"": 1}}","{""numi"": {""terms"": [{""coeff"": -1}]}, ""deno"": 1}",,,RULE_0,power_rule,power_rule,unverified,False,32,14,True,True,empty_output,Output deserialization failed: Expected token STRUCT:DENO but reached end of tokens
partial,5,"{""op"": ""partial"", ""var"": ""y"", ""expr"": {""numi"": {""terms"": [{""coeff"": -2, ""var"": {""y"": 2}}, {""coeff"": 4, ""var"": {""z"": 4}}]}, ""deno"": 1}}","{""numi"": {""terms"": [{""coeff"": -4, ""var"": {""y"": 1}}]}, ""deno"": 1}",,,RULE_7,partial_derivative,power_rule,unverified,False,32,16,True,True,empty_output,Output deserialization failed: Expected token STRUCT:CLOSE but reached end of tokens
partial,6,"{""op"": ""partial"", ""var"": ""x"", ""expr"": {""numi"": {""terms"": [{""coeff"": -2, ""var"": {""x"": 2}}, {""coeff"": 8, ""var"": {""z"": 4}}]}, ""deno"": 1}}","{""numi"": {""terms"": [{""coeff"": -4, ""var"": {""x"": 1}}]}, ""deno"": 1}",,,RULE_0,power_rule,power_rule,unverified,False,32,16,True,True,empty_output,Output deserialization failed: Expected token STRUCT:DENO but reached end of tokens
partial,7,"{""op"": ""partial"", ""var"": ""x"", ""expr"": {""numi"": {""terms"": [{""coeff"": 2, ""var"": {""x"": 5}}, {""coeff"": 3, ""var"": {""z"": 1}}]}, ""deno"": 1}}","{""numi"": {""terms"": [{""coeff"": 10, ""var"": {""x"": 4}}]}, ""deno"": 1}",,,RULE_0,power_rule,power_rule,unverified,False,32,16,True,True,empty_output,Output deserialization failed: Expected token STRUCT:DENO but reached end of tokens
partial,8,"{""op"": ""partial"", ""var"": ""x"", ""expr"": {""numi"": {""terms"": [{""coeff"": -2, ""var"": {""x"": 4}}, {""coeff"": 10, ""var"": {""y"": 1}}]}, ""deno"": 1}}","{""numi"": {""terms"": [{""coeff"": -8, ""var"": {""x"": 3}}]}, ""deno"": 1}",,,RULE_0,power_rule,power_rule,unverified,False,32,16,True,True,empty_output,Output deserialization failed: Expected token STRUCT:DENO but reached end of tokens
partial,9,"{""op"": ""partial"", ""var"": ""y"", ""expr"": {""numi"": {""terms"": [{""coeff"": 10, ""var"": {""y"": 1}}, {""coeff"": 1, ""var"": {""z"": 2}}]}, ""deno"": 1}}","{""numi"": {""terms"": [{""coeff"": 10}]}, ""deno"": 1}",,,RULE_7,partial_derivative,power_rule,unverified,False,32,14,True,True,empty_output,Output deserialization failed: Expected token STRUCT:CLOSE but reached end of tokens
partial,10,"{""op"": ""partial"", ""var"": ""x"", ""expr"": {""numi"": {""terms"": [{""coeff"": 2, ""var"": {""x"": 5}}, {""coeff"": 9, ""var"": {""y"": 3}}]}, ""deno"": 1}}","{""numi"": {""terms"": [{""coeff"": 10, ""var"": {""x"": 4}}]}, ""deno"": 1}",,,RULE_0,power_rule,power_rule,unverified,False,32,16,True,True,empty_output,Output deserialization failed: Expected token STRUCT:DENO but reached end of tokens
partial,11,"{""op"": ""partial"", ""var"": ""z"", ""expr"": {""numi"": {""terms"": [{""coeff"": 3, ""var"": {""z"": 1}}, {""coeff"": 4, ""var"": {""y"": 2}}]}, ""deno"": 1}}","{""numi"": {""terms"": [{""coeff"": 3}]}, ""deno"": 1}",,,RULE_7,partial_derivative,power_rule,unverified,False,32,14,True,True,empty_output,Output deserialization failed: Expected token STRUCT:CLOSE but reached end of tokens
partial,12,"{""op"": ""partial"", ""var"": ""y"", ""expr"": {""numi"": {""terms"": [{""coeff"": -6, ""var"": {""y"": 1}}, {""coeff"": 1, ""var"": {""x"": 4}}]}, ""deno"": 1}}","{""numi"": {""terms"": [{""coeff"": -6}]}, ""deno"": 1}",,,RULE_0,power_rule,power_rule,unverified,False,32,14,True,True,empty_output,Output deserialization failed: Expected token STRUCT:DENO but reached end of tokens
partial,13,"{""op"": ""partial"", ""var"": ""y"", ""expr"": {""numi"": {""terms"": [{""coeff"": -1, ""var"": {""y"": 3}}, {""coeff"": 8, ""var"": {""z"": 4}}]}, ""deno"": 1}}","{""numi"": {""terms"": [{""coeff"": -3, ""var"": {""y"": 2}}]}, ""deno"": 1}",,,RULE_7,partial_derivative,power_rule,unverified,False,32,16,True,True,empty_output,Output deserialization failed: Expected token STRUCT:CLOSE but reached end of tokens
partial,14,"{""op"": ""partial"", ""var"": ""y"", ""expr"": {""numi"": {""terms"": [{""coeff"": 3, ""var"": {""y"": 3}}, {""coeff"": 4, ""var"": {""x"": 4}}]}, ""deno"": 1}}","{""numi"": {""terms"": [{""coeff"": 9, ""var"": {""y"": 2}}]}, ""deno"": 1}",,,RULE_0,power_rule,power_rule,unverified,False,32,16,True,True,empty_output,Output deserialization failed: Expected token STRUCT:DENO but reached end of tokens
partial,15,"{""op"": ""partial"", ""var"": ""y"", ""expr"": {""numi"": {""terms"": [{""coeff"": 1, ""var"": {""y"": 3}}, {""coeff"": 9, ""var"": {""x"": 2}}]}, ""deno"": 1}}","{""numi"": {""terms"": [{""coeff"": 3, ""var"": {""y"": 2}}]}, ""deno"": 1}",,,RULE_0,power_rule,power_rule,unverified,False,32,16,True,True,empty_output,Output deserialization failed: Expected token STRUCT:DENO but reached end of tokens
partial,16,"{""op"": ""partial"", ""var"": ""z"", ""expr"": {""numi"": {""terms"": [{""coeff"": -1, ""var"": {""z"": 5}}, {""coeff"": 12, ""var"": {""x"": 1}}]}, ""deno"": 1}}","{""numi"": {""terms"": [{""coeff"": -5, ""var"": {""z"": 4}}]}, ""deno"": 1}",,,RULE_0,power_rule,power_rule,unverified,False,32,16,True,True,empty_output,Output deserialization failed: Expected token STRUCT:DENO but reached end of tokens
partial,17,"{""op"": ""partial"", ""var"": ""x"", ""expr"": {""numi"": {""terms"": [{""coeff"": 1, ""var"": {""x"": 1}}, {""coeff"": 5, ""var"": {""z"": 4}}]}, ""deno"": 1}}","{""numi"": {""terms"": [{""coeff"": 1}]}, ""deno"": 1}",,,RULE_0,power_rule,power_rule,unverified,False,32,14,True,True,empty_output,Output deserialization failed: Expected token STRUCT:DENO but reached end of tokens
partial,18,"{""op"": ""partial"", ""var"": ""y"", ""expr"": {""numi"": {""terms"": [{""coeff"": -4, ""var"": {""y"": 2}}, {""coeff"": 12, ""var"": {""x"": 2}}]}, ""deno"": 1}}","{""numi"": {""terms"": [{""coeff"": -8, ""var"": {""y"": 1}}]}, ""deno"": 1}",,,RULE_0,power_rule,power_rule,unverified,False,32,16,True,True,empty_output,Output deserialization failed: Expected token STRUCT:DENO but reached end of tokens
partial,19,"{""op"": ""partial"", ""var"": ""x"", ""expr"": {""numi"": {""terms"": [{""coeff"": 10, ""var"": {""x"": 1}}, {""coeff"": 2, ""var"": {""y"": 2}}]}, ""deno"": 1}}","{""numi"": {""terms"": [{""coeff"": 10}]}, ""deno"": 1}",,,RULE_0,power_rule,power_rule,unverified,False,32,14,True,True,empty_output,Output deserialization failed: Expected token STRUCT:DENO but reached end of tokens
partial,20,"{""op"": ""partial"", ""var"": ""x"", ""expr"": {""numi"": {""terms"": [{""coeff"": 3, ""var"": {""x"": 1}}, {""coeff"": 10, ""var"": {""y"": 1}}]}, ""deno"": 1}}","{""numi"": {""terms"": [{""coeff"": 3}]}, ""deno"": 1}",,,RULE_0,power_rule,power_rule,unverified,False,32,14,True,True,empty_output,Output deserialization failed: Expected token STRUCT:DENO but reached end of tokens
partial,21,"{""op"": ""partial"", ""var"": ""z"", ""expr"": {""numi"": {""terms"": [{""coeff"": 2, ""var"": {""z"": 3}}, {""coeff"": 2, ""var"": {""y"": 3}}]}, ""deno"": 1}}","{""numi"": {""terms"": [{""coeff"": 6, ""var"": {""z"": 2}}]}, ""deno"": 1}",,,RULE_7,partial_derivative,power_rule,unverified,False,32,16,True,True,empty_output,Output deserialization failed: Expected token STRUCT:CLOSE but reached end of tokens
partial,22,"{""op"": ""partial"", ""var"": ""x"", ""expr"": {""numi"": {""terms"": [{""coeff"": 2, ""var"": {""x"": 3}}, {""coeff"": 6, ""var"": {""z"": 1}}]}, ""deno"": 1}}","{""numi"": {""terms"": [{""coeff"": 6, ""var"": {""x"": 2}}]}, ""deno"": 1}",,,RULE_0,power_rule,power_rule,unverified,False,32,16,True,True,empty_output,Output deserialization failed: Expected token STRUCT:DENO but reached end of tokens
partial,23,"{""op"": ""partial"", ""var"": ""z"", ""expr"": {""numi"": {""terms"": [{""coeff"": 4, ""var"": {""z"": 1}}, {""coeff"": 6, ""var"": {""x"": 1}}]}, ""deno"": 1}}","{""numi"": {""terms"": [{""coeff"": 4}]}, ""deno"": 1}",,,RULE_0,power_rule,power_rule,unverified,False,32,14,True,True,empty_output,Output deserialization failed: Expected token STRUCT:DENO but reached end of tokens
partial,24,"{""op"": ""partial"", ""var"": ""x"", ""expr"": {""numi"": {""terms"": [{""coeff"": -4, ""var"": {""x"": 1}}, {""coeff"": 10, ""var"": {""z"": 2}}]}, ""deno"": 1}}","{""numi"": {""terms"": [{""coeff"": -4}]}, ""deno"": 1}",,,RULE_0,power_rule,power_rule,unverified,False,32,14,True,True,empty_output,Output deserialization failed: Expected token STRUCT:DENO but reached end of tokens
partial,25,"{""op"": ""partial"", ""var"": ""x"", ""expr"": {""numi"": {""terms"": [{""coeff"": -5, ""var"": {""x"": 1}}, {""coeff"": 7, ""var"": {""z"": 2}}]}, ""deno"": 1}}","{""numi"": {""terms"": [{""coeff"": -5}]}, ""deno"": 1}",,,RULE_0,power_rule,power_rule,unverified,False,32,14,True,True,empty_output,Output deserialization failed: Expected token STRUCT:DENO but reached end of tokens
partial,26,"{""op"": ""partial"", ""var"": ""x"", ""expr"": {""numi"": {""terms"": [{""coeff"": 7, ""var"": {""x"": 1}}, {""coeff"": 3, ""var"": {""z"": 1}}]}, ""deno"": 1}}","{""numi"": {""terms"": [{""coeff"": 7}]}, ""deno"": 1}",,,RULE_0,power_rule,power_rule,unverified,False,32,14,True,True,empty_output,Output deserialization failed: Expected token STRUCT:DENO but reached end of tokens
partial,27,"{""op"": ""partial"", ""var"": ""z"", ""expr"": {""numi"": {""terms"": [{""coeff"": 10, ""var"": {""z"": 1}}, {""coeff"": 2, ""var"": {""y"": 5}}]}, ""deno"": 1}}","{""numi"": {""terms"": [{""coeff"": 10}]}, ""deno"": 1}",,,RULE_7,partial_derivative,power_rule,unverified,False,32,14,True,True,empty_output,Output deserialization failed: Expected token STRUCT:CLOSE but reached end of tokens
partial,28,"{""op"": ""partial"", ""var"": ""y"", ""expr"": {""numi"": {""terms"": [{""coeff"": -2, ""var"": {""y"": 2}}, {""coeff"": 12, ""var"": {""z"": 4}}]}, ""deno"": 1}}","{""numi"": {""terms"": [{""coeff"": -4, ""var"": {""y"": 1}}]}, ""deno"": 1}",,,RULE_7,partial_derivative,power_rule,unverified,False,32,16,True,True,empty_output,Output deserialization failed: Expected token STRUCT:CLOSE but reached end of tokens
partial,29,"{""op"": ""partial"", ""var"": ""y"", ""expr"": {""numi"": {""terms"": [{""coeff"": -3, ""var"": {""y"": 2}}, {""coeff"": 4, ""var"": {""z"": 5}}]}, ""deno"": 1}}","{""numi"": {""terms"": [{""coeff"": -6, ""var"": {""y"": 1}}]}, ""deno"": 1}",,,RULE_7,partial_derivative,power_rule,unverified,False,32,16,True,True,empty_output,Output deserialization failed: Expected token STRUCT:CLOSE but reached end of tokens
partial,30,"{""op"": ""partial"", ""var"": ""y"", ""expr"": {""numi"": {""terms"": [{""coeff"": -9, ""var"": {""y"": 1}}, {""coeff"": 10, ""var"": {""x"": 1}}]}, ""deno"": 1}}","{""numi"": {""terms"": [{""coeff"": -9}]}, ""deno"": 1}",,,RULE_0,power_rule,power_rule,unverified,False,32,14,True,True,empty_output,Output deserialization failed: Expected token STRUCT:DENO but reached end of tokens
partial,31,"{""op"": ""partial"", ""var"": ""z"", ""expr"": {""numi"": {""terms"": [{""coeff"": -8, ""var"": {""z"": 1}}, {""coeff"": 5, ""var"": {""y"": 2}}]}, ""deno"": 1}}","{""numi"": {""terms"": [{""coeff"": -8}]}, ""deno"": 1}",,,RULE_7,partial_derivative,power_rule,unverified,False,32,14,True,True,empty_output,Output deserialization failed: Expected token STRUCT:CLOSE but reached end of tokens
partial,32,"{""op"": ""partial"", ""var"": ""x"", ""expr"": {""numi"": {""terms"": [{""coeff"": -9, ""var"": {""x"": 1}}, {""coeff"": 8, ""var"": {""z"": 4}}]}, ""deno"": 1}}","{""numi"": {""terms"": [{""coeff"": -9}]}, ""deno"": 1}",,,RULE_0,power_rule,power_rule,unverified,False,32,14,True,True,empty_output,Output deserialization failed: Expected token STRUCT:DENO but reached end of tokens
partial,33,"{""op"": ""partial"", ""var"": ""x"", ""expr"": {""numi"": {""terms"": [{""coeff"": 12, ""var"": {""x"": 1}}, {""coeff"": 4, ""var"": {""y"": 4}}]}, ""deno"": 1}}","{""numi"": {""terms"": [{""coeff"": 12}]}, ""deno"": 1}",,,RULE_0,power_rule,power_rule,unverified,False,32,14,True,True,empty_output,Output deserialization failed: Expected token STRUCT:DENO but reached end of tokens
partial,34,"{""op"": ""partial"", ""var"": ""z"", ""expr"": {""numi"": {""terms"": [{""coeff"": 1, ""var"": {""z"": 4}}, {""coeff"": 12, ""var"": {""x"": 2}}]}, ""deno"": 1}}","{""numi"": {""terms"": [{""coeff"": 4, ""var"": {""z"": 3}}]}, ""deno"": 1}",,,RULE_0,power_rule,power_rule,unverified,False,32,16,True,True,empty_output,Output deserialization failed: Expected token STRUCT:DENO but reached end of tokens
partial,35,"{""op"": ""partial"", ""var"": ""y"", ""expr"": {""numi"": {""terms"": [{""coeff"": -7, ""var"": {""y"": 1}}, {""coeff"": 12, ""var"": {""x"": 4}}]}, ""deno"": 1}}","{""numi"": {""terms"": [{""coeff"": -7}]}, ""deno"": 1}",,,RULE_0,power_rule,power_rule,unverified,False,32,14,True,True,empty_output,Output deserialization failed: Expected token STRUCT:DENO but reached end of tokens
partial,36,"{""op"": ""partial"", ""var"": ""z"", ""expr"": {""numi"": {""terms"": [{""coeff"": 6, ""var"": {""z"": 1}}, {""coeff"": 1, ""var"": {""y"": 4}}]}, ""deno"": 1}}","{""numi"": {""terms"": [{""coeff"": 6}]}, ""deno"": 1}",,,RULE_7,partial_derivative,power_rule,unverified,False,32,14,True,True,empty_output,Output deserialization failed: Expected token STRUCT:CLOSE but reached end of tokens
partial,37,"{""op"": ""partial"", ""var"": ""x"", ""expr"": {""numi"": {""terms"": [{""coeff"": 4, ""var"": {""x"": 3}}, {""coeff"": 9, ""var"": {""y"": 3}}]}, ""deno"": 1}}","{""numi"": {""terms"": [{""coeff"": 12, ""var"": {""x"": 2}}]}, ""deno"": 1}",,,RULE_0,power_rule,power_rule,unverified,False,32,16,True,True,empty_output,Output deserialization failed: Expected token STRUCT:DENO but reached end of tokens
partial,38,"{""op"": ""partial"", ""var"": ""x"", ""expr"": {""numi"": {""terms"": [{""coeff"": 12, ""var"": {""x"": 1}}, {""coeff"": 9, ""var"": {""z"": 4}}]}, ""deno"": 1}}","{""numi"": {""terms"": [{""coeff"": 12}]}, ""deno"": 1}",,,RULE_0,power_rule,power_rule,unverified,False,32,14,True,True,empty_output,Output deserialization failed: Expected token STRUCT:DENO but reached end of tokens
partial,39,"{""op"": ""partial"", ""var"": ""x"", ""expr"": {""numi"": {""terms"": [{""coeff"": -3, ""var"": {""x"": 3}}, {""coeff"": 1, ""var"": {""z"": 2}}]}, ""deno"": 1}}","{""numi"": {""terms"": [{""coeff"": -9, ""var"": {""x"": 2}}]}, ""deno"": 1}",,,RULE_0,power_rule,power_rule,unverified,False,32,16,True,True,empty_output,Output deserialization failed: Expected token STRUCT:DENO but reached end of tokens
partial,40,"{""op"": ""partial"", ""var"": ""x"", ""expr"": {""numi"": {""terms"": [{""coeff"": 5, ""var"": {""x"": 1}}, {""coeff"": 12, ""var"": {""y"": 4}}]}, ""deno"": 1}}","{""numi"": {""terms"": [{""coeff"": 5}]}, ""deno"": 1}",,,RULE_0,power_rule,power_rule,unverified,False,32,14,True,True,empty_output,Output deserialization failed: Expected token STRUCT:DENO but reached end of tokens
partial,41,"{""op"": ""partial"", ""var"": ""x"", ""expr"": {""numi"": {""terms"": [{""coeff"": 3, ""var"": {""x"": 2}}, {""coeff"": 1, ""var"": {""z"": 4}}]}, ""deno"": 1}}","{""numi"": {""terms"": [{""coeff"": 6, ""var"": {""x"": 1}}]}, ""deno"": 1}",,,RULE_0,power_rule,power_rule,unverified,False,32,16,True,True,empty_output,Output deserialization failed: Expected token STRUCT:DENO but reached end of tokens
partial,42,"{""op"": ""partial"", ""var"": ""y"", ""expr"": {""numi"": {""terms"": [{""coeff"": -1, ""var"": {""y"": 4}}, {""coeff"": 12, ""var"": {""z"": 4}}]}, ""deno"": 1}}","{""numi"": {""terms"": [{""coeff"": -4, ""var"": {""y"": 3}}]}, ""deno"": 1}",,,RULE_7,partial_derivative,power_rule,unverified,False,32,16,True,True,empty_output,Output deserialization failed: Expected token STRUCT:CLOSE but reached end of tokens
partial,43,"{""op"": ""partial"", ""var"": ""x"", ""expr"": {""numi"": {""terms"": [{""coeff"": -2, ""var"": {""x"": 3}}, {""coeff"": 2, ""var"": {""z"": 1}}]}, ""deno"": 1}}","{""numi"": {""terms"": [{""coeff"": -6, ""var"": {""x"": 2}}]}, ""deno"": 1}",,,RULE_0,power_rule,power_rule,unverified,False,32,16,True,True,empty_output,Output deserialization failed: Expected token STRUCT:DENO but reached end of tokens
partial,44,"{""op"": ""partial"", ""var"": ""x"", ""expr"": {""numi"": {""terms"": [{""coeff"": 10, ""var"": {""x"": 1}}, {""coeff"": 2, ""var"": {""y"": 1}}]}, ""deno"": 1}}","{""numi"": {""terms"": [{""coeff"": 10}]}, ""deno"": 1}",,,RULE_0,power_rule,power_rule,unverified,False,32,14,True,True,empty_output,Output deserialization failed: Expected token STRUCT:DENO but reached end of tokens
partial,45,"{""op"": ""partial"", ""var"": ""z"", ""expr"": {""numi"": {""terms"": [{""coeff"": 1, ""var"": {""z"": 4}}, {""coeff"": 6, ""var"": {""y"": 1}}]}, ""deno"": 1}}","{""numi"": {""terms"": [{""coeff"": 4, ""var"": {""z"": 3}}]}, ""deno"": 1}",,,RULE_7,partial_derivative,power_rule,unverified,False,32,16,True,True,empty_output,Output deserialization failed: Expected token STRUCT:CLOSE but reached end of tokens
partial,46,"{""op"": ""partial"", ""var"": ""x"", ""expr"": {""numi"": {""terms"": [{""coeff"": -4, ""var"": {""x"": 1}}, {""coeff"": 8, ""var"": {""z"": 5}}]}, ""deno"": 1}}","{""numi"": {""terms"": [{""coeff"": -4}]}, ""deno"": 1}",,,RULE_0,power_rule,power_rule,unverified,False,32,14,True,True,empty_output,Output deserialization failed: Expected token STRUCT:DENO but reached end of tokens
partial,47,"{""op"": ""partial"", ""var"": ""x"", ""expr"": {""numi"": {""terms"": [{""coeff"": -9, ""var"": {""x"": 1}}, {""coeff"": 9, ""var"": {""z"": 4}}]}, ""deno"": 1}}","{""numi"": {""terms"": [{""coeff"": -9}]}, ""deno"": 1}",,,RULE_0,power_rule,power_rule,unverified,False,32,14,True,True,empty_output,Output deserialization failed: Expected token STRUCT:DENO but reached end of tokens
partial,48,"{""op"": ""partial"", ""var"": ""x"", ""expr"": {""numi"": {""terms"": [{""coeff"": -5, ""var"": {""x"": 1}}, {""coeff"": 6, ""var"": {""z"": 5}}]}, ""deno"": 1}}","{""numi"": {""terms"": [{""coeff"": -5}]}, ""deno"": 1}",,,RULE_0,power_rule,power_rule,unverified,False,32,14,True,True,empty_output,Output deserialization failed: Expected token STRUCT:DENO but reached end of tokens
partial,49,"{""op"": ""partial"", ""var"": ""x"", ""expr"": {""numi"": {""terms"": [{""coeff"": 3, ""var"": {""x"": 4}}, {""coeff"": 6, ""var"": {""z"": 3}}]}, ""deno"": 1}}","{""numi"": {""terms"": [{""coeff"": 12, ""var"": {""x"": 3}}]}, ""deno"": 1}",,,RULE_0,power_rule,power_rule,unverified,False,32,16,True,True,empty_output,Output deserialization failed: Expected token STRUCT:DENO but reached end of tokens
partial,50,"{""op"": ""partial"", ""var"": ""x"", ""expr"": {""numi"": {""terms"": [{""coeff"": -3, ""var"": {""x"": 1}}, {""coeff"": 4, ""var"": {""y"": 5}}]}, ""deno"": 1}}","{""numi"": {""terms"": [{""coeff"": -3}]}, ""deno"": 1}",,,RULE_0,power_rule,power_rule,unverified,False,32,14,True,True,empty_output,Output deserialization failed: Expected token STRUCT:DENO but reached end of tokens
partial,51,"{""op"": ""partial"", ""var"": ""z"", ""expr"": {""numi"": {""terms"": [{""coeff"": -2, ""var"": {""z"": 4}}, {""coeff"": 5, ""var"": {""x"": 4}}]}, ""deno"": 1}}","{""numi"": {""terms"": [{""coeff"": -8, ""var"": {""z"": 3}}]}, ""deno"": 1}",,,RULE_0,power_rule,power_rule,unverified,False,32,16,True,True,empty_output,Output deserialization failed: Expected token STRUCT:DENO but reached end of tokens
partial,52,"{""op"": ""partial"", ""var"": ""y"", ""expr"": {""numi"": {""terms"": [{""coeff"": -2, ""var"": {""y"": 4}}, {""coeff"": 4, ""var"": {""x"": 5}}]}, ""deno"": 1}}","{""numi"": {""terms"": [{""coeff"": -8, ""var"": {""y"": 3}}]}, ""deno"": 1}",,,RULE_0,power_rule,power_rule,unverified,False,32,16,True,True,empty_output,Output deserialization failed: Expected token STRUCT:DENO but reached end of tokens
partial,53,"{""op"": ""partial"", ""var"": ""x"", ""expr"": {""numi"": {""terms"": [{""coeff"": -9, ""var"": {""x"": 1}}, {""coeff"": 1, ""var"": {""y"": 5}}]}, ""deno"": 1}}","{""numi"": {""terms"": [{""coeff"": -9}]}, ""deno"": 1}",,,RULE_0,power_rule,power_rule,unverified,False,32,14,True,True,empty_output,Output deserialization failed: Expected token STRUCT:DENO but reached end of tokens
partial,54,"{""op"": ""partial"", ""var"": ""y"", ""expr"": {""numi"": {""terms"": [{""coeff"": -3, ""var"": {""y"": 1}}, {""coeff"": 6, ""var"": {""x"": 5}}]}, ""deno"": 1}}","{""numi"": {""terms"": [{""coeff"": -3}]}, ""deno"": 1}",,,RULE_0,power_rule,power_rule,unverified,False,32,14,True,True,empty_output,Output deserialization failed: Expected token STRUCT:DENO but reached end of tokens
partial,55,"{""op"": ""partial"", ""var"": ""z"", ""expr"": {""numi"": {""terms"": [{""coeff"": -3, ""var"": {""z"": 3}}, {""coeff"": 1, ""var"": {""y"": 4}}]}, ""deno"": 1}}","{""numi"": {""terms"": [{""coeff"": -9, ""var"": {""z"": 2}}]}, ""deno"": 1}",,,RULE_7,partial_derivative,power_rule,unverified,False,32,16,True,True,empty_output,Output deserialization failed: Expected token STRUCT:CLOSE but reached end of tokens
partial,56,"{""op"": ""partial"", ""var"": ""y"", ""expr"": {""numi"": {""terms"": [{""coeff"": -1, ""var"": {""y"": 4}}, {""coeff"": 8, ""var"": {""z"": 1}}]}, ""deno"": 1}}","{""numi"": {""terms"": [{""coeff"": -4, ""var"": {""y"": 3}}]}, ""deno"": 1}",,,RULE_7,partial_derivative,power_rule,unverified,False,32,16,True,True,empty_output,Output deserialization failed: Expected token STRUCT:CLOSE but reached end of tokens
partial,57,"{""op"": ""partial"", ""var"": ""y"", ""expr"": {""numi"": {""terms"": [{""coeff"": 3, ""var"": {""y"": 4}}, {""coeff"": 9, ""var"": {""x"": 5}}]}, ""deno"": 1}}","{""numi"": {""terms"": [{""coeff"": 12, ""var"": {""y"": 3}}]}, ""deno"": 1}",,,RULE_0,power_rule,power_rule,unverified,False,32,16,True,True,empty_output,Output deserialization failed: Expected token STRUCT:DENO but reached end of tokens
partial,58,"{""op"": ""partial"", ""var"": ""y"", ""expr"": {""numi"": {""terms"": [{""coeff"": 3, ""var"": {""y"": 1}}, {""coeff"": 9, ""var"": {""x"": 4}}]}, ""deno"": 1}}","{""numi"": {""terms"": [{""coeff"": 3}]}, ""deno"": 1}",,,RULE_0,power_rule,power_rule,unverified,False,32,14,True,True,empty_output,Output deserialization failed: Expected token STRUCT:DENO but reached end of tokens
partial,59,"{""op"": ""partial"", ""var"": ""y"", ""expr"": {""numi"": {""terms"": [{""coeff"": 7, ""var"": {""y"": 1}}, {""coeff"": 8, ""var"": {""x"": 4}}]}, ""deno"": 1}}","{""numi"": {""terms"": [{""coeff"": 7}]}, ""deno"": 1}",,,RULE_0,power_rule,power_rule,unverified,False,32,14,True,True,empty_output,Output deserialization failed: Expected token STRUCT:DENO but reached end of tokens
integrate,0,"{""op"": ""integrate"", ""var"": ""x"", ""expr"": {""numi"": {""terms"": [{""coeff"": -9, ""var"": {""x"": 2}}]}, ""deno"": 1}}","{""numi"": {""terms"": [{""coeff"": -3.0, ""var"": {""x"": 3}}]}, ""deno"": 1}",,,RULE_0,power_rule,power_rule_integral,unverified,False,32,16,True,True,empty_output,Output deserialization failed: Expected token STRUCT:DENO but reached end of tokens
integrate,1,"{""op"": ""integrate"", ""var"": ""x"", ""expr"": {""numi"": {""terms"": [{""coeff"": -10, ""var"": {""x"": 4}}]}, ""deno"": 1}}","{""numi"": {""terms"": [{""coeff"": -2.0, ""var"": {""x"": 5}}]}, ""deno"": 1}",,,RULE_0,power_rule,power_rule_integral,unverified,False,32,16,True,True,empty_output,Output deserialization failed: Expected token STRUCT:DENO but reached end of tokens
integrate,2,"{""op"": ""integrate"", ""var"": ""x"", ""expr"": {""numi"": {""terms"": [{""coeff"": 5, ""var"": {""x"": 4}}]}, ""deno"": 1}}","{""numi"": {""terms"": [{""coeff"": 1.0, ""var"": {""x"": 5}}]}, ""deno"": 1}",,,RULE_0,power_rule,power_rule_integral,unverified,False,32,16,True,True,empty_output,Output deserialization failed: Expected token STRUCT:DENO but reached end of tokens
integrate,3,"{""op"": ""integrate"", ""var"": ""x"", ""expr"": {""numi"": {""terms"": [{""coeff"": -3, ""var"": {""x"": 2}}]}, ""deno"": 1}}","{""numi"": {""terms"": [{""coeff"": -1.0, ""var"": {""x"": 3}}]}, ""deno"": 1}",,,RULE_0,power_rule,power_rule_integral,unverified,False,32,16,True,True,empty_output,Output deserialization failed: Expected token STRUCT:DENO but reached end of tokens
integrate,4,"{""op"": ""integrate"", ""var"": ""x"", ""expr"": {""numi"": {""terms"": [{""coeff"": 12, ""var"": {""x"": 1}}]}, ""deno"": 1}}","{""numi"": {""terms"": [{""coeff"": 6.0, ""var"": {""x"": 2}}]}, ""deno"": 1}",,,RULE_0,power_rule,power_rule_integral,unverified,False,32,16,True,True,empty_output,Output deserialization failed: Expected token STRUCT:DENO but reached end of tokens
integrate,5,"{""op"": ""integrate"", ""var"": ""x"", ""expr"": {""numi"": {""terms"": [{""coeff"": 2, ""var"": {""x"": 1}}]}, ""deno"": 1}}","{""numi"": {""terms"": [{""coeff"": 1.0, ""var"": {""x"": 2}}]}, ""deno"": 1}",,,RULE_0,power_rule,power_rule_integral,unverified,False,32,16,True,True,empty_output,Output deserialization failed: Expected token STRUCT:DENO but reached end of tokens
integrate,6,"{""op"": ""integrate"", ""var"": ""x"", ""expr"": {""numi"": {""terms"": [{""coeff"": 5, ""var"": {""x"": 4}}]}, ""deno"": 1}}","{""numi"": {""terms"": [{""coeff"": 1.0, ""var"": {""x"": 5}}]}, ""deno"": 1}",,,RULE_0,power_rule,power_rule_integral,unverified,False,32,16,True,True,empty_output,Output deserialization failed: Expected token STRUCT:DENO but reached end of tokens
integrate,7,"{""op"": ""integrate"", ""var"": ""x"", ""expr"": {""numi"": {""terms"": [{""coeff"": -6, ""var"": {""x"": 2}}]}, ""deno"": 1}}","{""numi"": {""terms"": [{""coeff"": -2.0, ""var"": {""x"": 3}}]}, ""deno"": 1}",,,RULE_0,power_rule,power_rule_integral,unverified,False,32,16,True,True,empty_output,Output deserialization failed: Expected token STRUCT:DENO but reached end of tokens
integrate,8,"{""op"": ""integrate"", ""var"": ""x"", ""expr"": {""numi"": {""terms"": [{""coeff"": 12, ""var"": {""x"": 3}}]}, ""deno"": 1}}","{""numi"": {""terms"": [{""coeff"": 3.0, ""var"": {""x"": 4}}]}, ""deno"": 1}",,,RULE_0,power_rule,power_rule_integral,unverified,False,32,16,True,True,empty_output,Output deserialization failed: Expected token STRUCT:DENO but reached end of tokens
integrate,9,"{""op"": ""integrate"", ""var"": ""x"", ""expr"": {""numi"": {""terms"": [{""coeff"": 12, ""var"": {""x"": 1}}]}, ""deno"": 1}}","{""numi"": {""terms"": [{""coeff"": 6.0, ""var"": {""x"": 2}}]}, ""deno"": 1}",,,RULE_0,power_rule,power_rule_integral,unverified,False,32,16,True,True,empty_output,Output deserialization failed: Expected token STRUCT:DENO but reached end of tokens
integrate,10,"{""op"": ""integrate"", ""var"": ""x"", ""expr"": {""numi"": {""terms"": [{""coeff"": -5, ""var"": {""x"": 4}}]}, ""deno"": 1}}","{""numi"": {""terms"": [{""coeff"": -1.0, ""var"": {""x"": 5}}]}, ""deno"": 1}",,,RULE_0,power_rule,power_rule_integral,unverified,False,32,16,True,True,empty_output,Output deserialization failed: Expected token STRUCT:DENO but reached end of tokens
integrate,11,"{""op"": ""integrate"", ""var"": ""x"", ""expr"": {""numi"": {""terms"": [{""coeff"": -4, ""var"": {""x"": 1}}]}, ""deno"": 1}}","{""numi"": {""terms"": [{""coeff"": -2.0, ""var"": {""x"": 2}}]}, ""deno"": 1}",,,RULE_0,power_rule,power_rule_integral,unverified,False,32,16,True,True,empty_output,Output deserialization failed: Expected token STRUCT:DENO but reached end of tokens
integrate,12,"{""op"": ""integrate"", ""var"": ""x"", ""expr"": {""numi"": {""terms"": [{""coeff"": -4, ""var"": {""x"": 3}}]}, ""deno"": 1}}","{""numi"": {""terms"": [{""coeff"": -1.0, ""var"": {""x"": 4}}]}, ""deno"": 1}",,,RULE_0,power_rule,power_rule_integral,unverified,False,32,16,True,True,empty_output,Output deserialization failed: Expected token STRUCT:DENO but reached end of tokens
integrate,13,"{""op"": ""integrate"", ""var"": ""x"", ""expr"": {""numi"": {""terms"": [{""coeff"": 2, ""var"": {""x"": 1}}]}, ""deno"": 1}}","{""numi"": {""terms"": [{""coeff"": 1.0, ""var"": {""x"": 2}}]}, ""deno"": 1}",,,RULE_0,power_rule,power_rule_integral,unverified,False,32,16,True,True,empty_output,Output deserialization failed: Expected token STRUCT:DENO but reached end of tokens
integrate,14,"{""op"": ""integrate"", ""var"": ""x"", ""expr"": {""numi"": {""terms"": [{""coeff"": -10, ""var"": {""x"": 4}}]}, ""deno"": 1}}","{""numi"": {""terms"": [{""coeff"": -2.0, ""var"": {""x"": 5}}]}, ""deno"": 1}",,,RULE_0,power_rule,power_rule_integral,unverified,False,32,16,True,True,empty_output,Output deserialization failed: Expected token STRUCT:DENO but reached end of tokens
integrate,15,"{""op"": ""integrate"", ""var"": ""x"", ""expr"": {""numi"": {""terms"": [{""coeff"": 12, ""var"": {""x"": 3}}]}, ""deno"": 1}}","{""numi"": {""terms"": [{""coeff"": 3.0, ""var"": {""x"": 4}}]}, ""deno"": 1}",,,RULE_0,power_rule,power_rule_integral,unverified,False,32,16,True,True,empty_output,Output deserialization failed: Expected token STRUCT:DENO but reached end of tokens
integrate,16,"{""op"": ""integrate"", ""var"": ""x"", ""expr"": {""numi"": {""terms"": [{""coeff"": -2, ""var"": {""x"": 1}}]}, ""deno"": 1}}","{""numi"": {""terms"": [{""coeff"": -1.0, ""var"": {""x"": 2}}]}, ""deno"": 1}",,,RULE_0,power_rule,power_rule_integral,unverified,False,32,16,True,True,empty_output,Output deserialization failed: Expected token STRUCT:DENO but reached end of tokens
integrate,17,"{""op"": ""integrate"", ""var"": ""x"", ""expr"": {""numi"": {""terms"": [{""coeff"": 12, ""var"": {""x"": 3}}]}, ""deno"": 1}}","{""numi"": {""terms"": [{""coeff"": 3.0, ""var"": {""x"": 4}}]}, ""deno"": 1}",,,RULE_0,power_rule,power_rule_integral,unverified,False,32,16,True,True,empty_output,Output deserialization failed: Expected token STRUCT:DENO but reached end of tokens
integrate,18,"{""op"": ""integrate"", ""var"": ""x"", ""expr"": {""numi"": {""terms"": [{""coeff"": -10, ""var"": {""x"": 1}}]}, ""deno"": 1}}","{""numi"": {""terms"": [{""coeff"": -5.0, ""var"": {""x"": 2}}]}, ""deno"": 1}",,,RULE_0,power_rule,power_rule_integral,unverified,False,32,16,True,True,empty_output,Output deserialization failed: Expected token STRUCT:DENO but reached end of tokens
integrate,19,"{""op"": ""integrate"", ""var"": ""x"", ""expr"": {""numi"": {""terms"": [{""coeff"": -6, ""var"": {""x"": 2}}]}, ""deno"": 1}}","{""numi"": {""terms"": [{""coeff"": -2.0, ""var"": {""x"": 3}}]}, ""deno"": 1}",,,RULE_0,power_rule,power_rule_integral,unverified,False,32,16,True,True,empty_output,Output deserialization failed: Expected token STRUCT:DENO but reached end of tokens
integrate,20,"{""op"": ""integrate"", ""var"": ""x"", ""expr"": {""numi"": {""terms"": [{""coeff"": -10, ""var"": {""x"": 4}}]}, ""deno"": 1}}","{""numi"": {""terms"": [{""coeff"": -2.0, ""var"": {""x"": 5}}]}, ""deno"": 1}",,,RULE_0,power_rule,power_rule_integral,unverified,False,32,16,True,True,empty_output,Output deserialization failed: Expected token STRUCT:DENO but reached end of tokens
integrate,21,"{""op"": ""integrate"", ""var"": ""x"", ""expr"": {""numi"": {""terms"": [{""coeff"": -6, ""var"": {""x"": 1}}]}, ""deno"": 1}}","{""numi"": {""terms"": [{""coeff"": -3.0, ""var"": {""x"": 2}}]}, ""deno"": 1}",,,RULE_0,power_rule,power_rule_integral,unverified,False,32,16,True,True,empty_output,Output deserialization failed: Expected token STRUCT:DENO but reached end of tokens
integrate,22,"{""op"": ""integrate"", ""var"": ""x"", ""expr"": {""numi"": {""terms"": [{""coeff"": 12, ""var"": {""x"": 1}}]}, ""deno"": 1}}","{""numi"": {""terms"": [{""coeff"": 6.0, ""var"": {""x"": 2}}]}, ""deno"": 1}",,,RULE_0,power_rule,power_rule_integral,unverified,False,32,16,True,True,empty_output,Output deserialization failed: Expected token STRUCT:DENO but reached end of tokens
integrate,23,"{""op"": ""integrate"", ""var"": ""x"", ""expr"": {""numi"": {""terms"": [{""coeff"": -10, ""var"": {""x"": 1}}]}, ""deno"": 1}}","{""numi"": {""terms"": [{""coeff"": -5.0, ""var"": {""x"": 2}}]}, ""deno"": 1}",,,RULE_0,power_rule,power_rule_integral,unverified,False,32,16,True,True,empty_output,Output deserialization failed: Expected token STRUCT:DENO but reached end of tokens
integrate,24,"{""op"": ""integrate"", ""var"": ""x"", ""expr"": {""numi"": {""terms"": [{""coeff"": 6, ""var"": {""x"": 1}}]}, ""deno"": 1}}","{""numi"": {""terms"": [{""coeff"": 3.0, ""var"": {""x"": 2}}]}, ""deno"": 1}",,,RULE_0,power_rule,power_rule_integral,unverified,False,32,16,True,True,empty_output,Output deserialization failed: Expected token STRUCT:DENO but reached end of tokens
integrate,25,"{""op"": ""integrate"", ""var"": ""x"", ""expr"": {""numi"": {""terms"": [{""coeff"": -3, ""var"": {""x"": 2}}]}, ""deno"": 1}}","{""numi"": {""terms"": [{""coeff"": -1.0, ""var"": {""x"": 3}}]}, ""deno"": 1}",,,RULE_0,power_rule,power_rule_integral,unverified,False,32,16,True,True,empty_output,Output deserialization failed: Expected token STRUCT:DENO but reached end of tokens
integrate,26,"{""op"": ""integrate"", ""var"": ""x"", ""expr"": {""numi"": {""terms"": [{""coeff"": 4, ""var"": {""x"": 1}}]}, ""deno"": 1}}","{""numi"": {""terms"": [{""coeff"": 2.0, ""var"": {""x"": 2}}]}, ""deno"": 1}",,,RULE_0,power_rule,power_rule_integral,unverified,False,32,16,True,True,empty_output,Output deserialization failed: Expected token STRUCT:DENO but reached end of tokens
integrate,27,"{""op"": ""integrate"", ""var"": ""x"", ""expr"": {""numi"": {""terms"": [{""coeff"": -5, ""var"": {""x"": 4}}]}, ""deno"": 1}}","{""numi"": {""terms"": [{""coeff"": -1.0, ""var"": {""x"": 5}}]}, ""deno"": 1}",,,RULE_0,power_rule,power_rule_integral,unverified,False,32,16,True,True,empty_output,Output deserialization failed: Expected token STRUCT:DENO but reached end of tokens
integrate,28,"{""op"": ""integrate"", ""var"": ""x"", ""expr"": {""numi"": {""terms"": [{""coeff"": -10, ""var"": {""x"": 1}}]}, ""deno"": 1}}","{""numi"": {""terms"": [{""coeff"": -5.0, ""var"": {""x"": 2}}]}, ""deno"": 1}",,,RULE_0,power_rule,power_rule_integral,unverified,False,32,16,True,True,empty_output,Output deserialization failed: Expected token STRUCT:DENO but reached end of tokens
integrate,29,"{""op"": ""integrate"", ""var"": ""x"", ""expr"": {""numi"": {""terms"": [{""coeff"": -9, ""var"": {""x"": 2}}]}, ""deno"": 1}}","{""numi"": {""terms"": [{""coeff"": -3.0, ""var"": {""x"": 3}}]}, ""deno"": 1}",,,RULE_0,power_rule,power_rule_integral,unverified,False,32,16,True,True,empty_output,Output deserialization failed: Expected token STRUCT:DENO but reached end of tokens
integrate,30,"{""op"": ""integrate"", ""var"": ""x"", ""expr"": {""numi"": {""terms"": [{""coeff"": 6, ""var"": {""x"": 2}}]}, ""deno"": 1}}","{""numi"": {""terms"": [{""coeff"": 2.0, ""var"": {""x"": 3}}]}, ""deno"": 1}",,,RULE_0,power_rule,power_rule_integral,unverified,False,32,16,True,True,empty_output,Output deserialization failed: Expected token STRUCT:DENO but reached end of tokens
integrate,31,"{""op"": ""integrate"", ""var"": ""x"", ""expr"": {""numi"": {""terms"": [{""coeff"": 4, ""var"": {""x"": 1}}]}, ""deno"": 1}}","{""numi"": {""terms"": [{""coeff"": 2.0, ""var"": {""x"": 2}}]}, ""deno"": 1}",,,RULE_0,power_rule,power_rule_integral,unverified,False,32,16,True,True,empty_output,Output deserialization failed: Expected token STRUCT:DENO but reached end of tokens
integrate,32,"{""op"": ""integrate"", ""var"": ""x"", ""expr"": {""numi"": {""terms"": [{""coeff"": 4, ""var"": {""x"": 1}}]}, ""deno"": 1}}","{""numi"": {""terms"": [{""coeff"": 2.0, ""var"": {""x"": 2}}]}, ""deno"": 1}",,,RULE_0,power_rule,power_rule_integral,unverified,False,32,16,True,True,empty_output,Output deserialization failed: Expected token STRUCT:DENO but reached end of tokens
integrate,33,"{""op"": ""integrate"", ""var"": ""x"", ""expr"": {""numi"": {""terms"": [{""coeff"": 3, ""var"": {""x"": 2}}]}, ""deno"": 1}}","{""numi"": {""terms"": [{""coeff"": 1.0, ""var"": {""x"": 3}}]}, ""deno"": 1}",,,RULE_0,power_rule,power_rule_integral,unverified,False,32,16,True,True,empty_output,Output deserialization failed: Expected token STRUCT:DENO but reached end of tokens
integrate,34,"{""op"": ""integrate"", ""var"": ""x"", ""expr"": {""numi"": {""terms"": [{""coeff"": 5, ""var"": {""x"": 4}}]}, ""deno"": 1}}","{""numi"": {""terms"": [{""coeff"": 1.0, ""var"": {""x"": 5}}]}, ""deno"": 1}",,,RULE_0,power_rule,power_rule_integral,unverified,False,32,16,True,True,empty_output,Output deserialization failed: Expected token STRUCT:DENO but reached end of tokens
integrate,35,"{""op"": ""integrate"", ""var"": ""x"", ""expr"": {""numi"": {""terms"": [{""coeff"": -5, ""var"": {""x"": 4}}]}, ""deno"": 1}}","{""numi"": {""terms"": [{""coeff"": -1.0, ""var"": {""x"": 5}}]}, ""deno"": 1}",,,RULE_0,power_rule,power_rule_integral,unverified,False,32,16,True,True,empty_output,Output deserialization failed: Expected token STRUCT:DENO but reached end of tokens
integrate,36,"{""op"": ""integrate"", ""var"": ""x"", ""expr"": {""numi"": {""terms"": [{""coeff"": 3, ""var"": {""x"": 2}}]}, ""deno"": 1}}","{""numi"": {""terms"": [{""coeff"": 1.0, ""var"": {""x"": 3}}]}, ""deno"": 1}",,,RULE_0,power_rule,power_rule_integral,unverified,False,32,16,True,True,empty_output,Output deserialization failed: Expected token STRUCT:DENO but reached end of tokens
integrate,37,"{""op"": ""integrate"", ""var"": ""x"", ""expr"": {""numi"": {""terms"": [{""coeff"": -6, ""var"": {""x"": 1}}]}, ""deno"": 1}}","{""numi"": {""terms"": [{""coeff"": -3.0, ""var"": {""x"": 2}}]}, ""deno"": 1}",,,RULE_0,power_rule,power_rule_integral,unverified,False,32,16,True,True,empty_output,Output deserialization failed: Expected token STRUCT:DENO but reached end of tokens
integrate,38,"{""op"": ""integrate"", ""var"": ""x"", ""expr"": {""numi"": {""terms"": [{""coeff"": 2, ""var"": {""x"": 1}}]}, ""deno"": 1}}","{""numi"": {""terms"": [{""coeff"": 1.0, ""var"": {""x"": 2}}]}, ""deno"": 1}",,,RULE_0,power_rule,power_rule_integral,unverified,False,32,16,True,True,empty_output,Output deserialization failed: Expected token STRUCT:DENO but reached end of tokens
integrate,39,"{""op"": ""integrate"", ""var"": ""x"", ""expr"": {""numi"": {""terms"": [{""coeff"": 2, ""var"": {""x"": 1}}]}, ""deno"": 1}}","{""numi"": {""terms"": [{""coeff"": 1.0, ""var"": {""x"": 2}}]}, ""deno"": 1}",,,RULE_0,power_rule,power_rule_integral,unverified,False,32,16,True,True,empty_output,Output deserialization failed: Expected token STRUCT:DENO but reached end of tokens
integrate,40,"{""op"": ""integrate"", ""var"": ""x"", ""expr"": {""numi"": {""terms"": [{""coeff"": 12, ""var"": {""x"": 2}}, {""coeff"": -4, ""var"": {""x"": 3}}]}, ""deno"": 1}}","{""numi"": {""terms"": [{""coeff"": 4.0, ""var"": {""x"": 3}}, {""coeff"": -1.0, ""var"": {""x"": 4}}]}, ""deno"": 1}",,,RULE_0,power_rule,power_rule_integral,unverified,False,32,21,True,True,empty_output,Output deserialization failed: Expected token STRUCT:CLOSE but reached end of tokens
integrate,41,"{""op"": ""integrate"", ""var"": ""x"", ""expr"": {""numi"": {""terms"": [{""coeff"": 10, ""var"": {""x"": 4}}, {""coeff"": 6, ""var"": {""x"": 2}}]}, ""deno"": 1}}","{""numi"": {""terms"": [{""coeff"": 2.0, ""var"": {""x"": 5}}, {""coeff"": 2.0, ""var"": {""x"": 3}}]}, ""deno"": 1}",,,RULE_0,power_rule,power_rule_integral,unverified,False,32,21,True,True,empty_output,Output deserialization failed: Expected token STRUCT:CLOSE but reached end of tokens
integrate,42,"{""op"": ""integrate"", ""var"": ""x"", ""expr"": {""numi"": {""terms"": [{""coeff"": 4, ""var"": {""x"": 1}}, {""coeff"": -6, ""var"": {""x"": 2}}]}, ""deno"": 1}}","{""numi"": {""terms"": [{""coeff"": 2.0, ""var"": {""x"": 2}}, {""coeff"": -2.0, ""var"": {""x"": 3}}]}, ""deno"": 1}",,,RULE_0,power_rule,power_rule_integral,unverified,False,32,21,True,True,empty_output,Output deserialization failed: Expected token STRUCT:CLOSE but reached end of tokens
integrate,43,"{""op"": ""integrate"", ""var"": ""x"", ""expr"": {""numi"": {""terms"": [{""coeff"": -5, ""var"": {""x"": 4}}, {""coeff"": -10, ""var"": {""x"": 1}}]}, ""deno"": 1}}","{""numi"": {""terms"": [{""coeff"": -1.0, ""var"": {""x"": 5}}, {""coeff"": -5.0, ""var"": {""x"": 2}}]}, ""deno"": 1}",,,RULE_0,power_rule,power_rule_integral,unverified,False,32,21,True,True,empty_output,Output deserialization failed: Expected token STRUCT:CLOSE but reached end of tokens
integrate,44,"{""op"": ""integrate"", ""var"": ""x"", ""expr"": {""numi"": {""terms"": [{""coeff"": -3, ""var"": {""x"": 2}}, {""coeff"": 6, ""var"": {""x"": 1}}]}, ""deno"": 1}}","{""numi"": {""terms"": [{""coeff"": -1.0, ""var"": {""x"": 3}}, {""coeff"": 3.0, ""var"": {""x"": 2}}]}, ""deno"": 1}",,,RULE_0,power_rule,power_rule_integral,unverified,False,32,21,True,True,empty_output,Output deserialization failed: Expected token STRUCT:CLOSE but reached end of tokens
integrate,45,"{""op"": ""integrate"", ""var"": ""x"", ""expr"": {""numi"": {""terms"": [{""coeff"": 12, ""var"": {""x"": 2}}, {""coeff"": -5, ""var"": {""x"": 4}}]}, ""deno"": 1}}","{""numi"": {""terms"": [{""coeff"": 4.0, ""var"": {""x"": 3}}, {""coeff"": -1.0, ""var"": {""x"": 5}}]}, ""deno"": 1}",,,RULE_0,power_rule,power_rule_integral,unverified,False,32,21,True,True,empty_output,Output deserialization failed: Expected token STRUCT:CLOSE but reached end of tokens
integrate,46,"{""op"": ""integrate"", ""var"": ""x"", ""expr"": {""numi"": {""terms"": [{""coeff"": -3, ""var"": {""x"": 2}}, {""coeff"": 8, ""var"": {""x"": 1}}]}, ""deno"": 1}}","{""numi"": {""terms"": [{""coeff"": -1.0, ""var"": {""x"": 3}}, {""coeff"": 4.0, ""var"": {""x"": 2}}]}, ""deno"": 1}",,,RULE_0,power_rule,power_rule_integral,unverified,False,32,21,True,True,empty_output,Output deserialization failed: Expected token STRUCT:CLOSE but reached end of tokens
integrate,47,"{""op"": ""integrate"", ""var"": ""x"", ""expr"": {""numi"": {""terms"": [{""coeff"": -6, ""var"": {""x"": 1}}, {""coeff"": -6, ""var"": {""x"": 2}}]}, ""deno"": 1}}","{""numi"": {""terms"": [{""coeff"": -3.0, ""var"": {""x"": 2}}, {""coeff"": -2.0, ""var"": {""x"": 3}}]}, ""deno"": 1}",,,RULE_0,power_rule,power_rule_integral,unverified,False,32,21,True,True,empty_output,Output deserialization failed: Expected token STRUCT:CLOSE but reached end of tokens
integrate,48,"{""op"": ""integrate"", ""var"": ""x"", ""expr"": {""numi"": {""terms"": [{""coeff"": 4, ""var"": {""x"": 1}}, {""coeff"": -10, ""var"": {""x"": 4}}]}, ""deno"": 1}}","{""numi"": {""terms"": [{""coeff"": 2.0, ""var"": {""x"": 2}}, {""coeff"": -2.0, ""var"": {""x"": 5}}]}, ""deno"": 1}",,,RULE_0,power_rule,power_rule_integral,unverified,False,32,21,True,True,empty_output,Output deserialization failed: Expected token STRUCT:CLOSE but reached end of tokens
integrate,49,"{""op"": ""integrate"", ""var"": ""x"", ""expr"": {""numi"": {""terms"": [{""coeff"": -4, ""var"": {""x"": 1}}, {""coeff"": 5, ""var"": {""x"": 4}}]}, ""deno"": 1}}","{""numi"": {""terms"": [{""coeff"": -2.0, ""var"": {""x"": 2}}, {""coeff"": 1.0, ""var"": {""x"": 5}}]}, ""deno"": 1}",,,RULE_0,power_rule,power_rule_integral,unverified,False,32,21,True,True,empty_output,Output deserialization failed: Expected token STRUCT:CLOSE but reached end of tokens
integrate,50,"{""op"": ""integrate"", ""var"": ""x"", ""expr"": {""numi"": {""terms"": [{""coeff"": -4, ""var"": {""x"": 3}}, {""coeff"": -4, ""var"": {""x"": 1}}]}, ""deno"": 1}}","{""numi"": {""terms"": [{""coeff"": -1.0, ""var"": {""x"": 4}}, {""coeff"": -2.0, ""var"": {""x"": 2}}]}, ""deno"": 1}",,,RULE_0,power_rule,power_rule_integral,unverified,False,32,21,True,True,empty_output,Output deserialization failed: Expected token STRUCT:CLOSE but reached end of tokens
integrate,51,"{""op"": ""integrate"", ""var"": ""x"", ""expr"": {""numi"": {""terms"": [{""coeff"": 3, ""var"": {""x"": 2}}, {""coeff"": -4, ""var"": {""x"": 3}}]}, ""deno"": 1}}","{""numi"": {""terms"": [{""coeff"": 1.0, ""var"": {""x"": 3}}, {""coeff"": -1.0, ""var"": {""x"": 4}}]}, ""deno"": 1}",,,RULE_0,power_rule,power_rule_integral,unverified,False,32,21,True,True,empty_output,Output deserialization failed: Expected token STRUCT:CLOSE but reached end of tokens
integrate,52,"{""op"": ""integrate"", ""var"": ""x"", ""expr"": {""numi"": {""terms"": [{""coeff"": 2, ""var"": {""x"": 1}}, {""coeff"": -8, ""var"": {""x"": 3}}]}, ""deno"": 1}}","{""numi"": {""terms"": [{""coeff"": 1.0, ""var"": {""x"": 2}}, {""coeff"": -2.0, ""var"": {""x"": 4}}]}, ""deno"": 1}",,,RULE_0,power_rule,power_rule_integral,unverified,False,32,21,True,True,empty_output,Output deserialization failed: Expected token STRUCT:CLOSE but reached end of tokens
integrate,53,"{""op"": ""integrate"", ""var"": ""x"", ""expr"": {""numi"": {""terms"": [{""coeff"": 8, ""var"": {""x"": 3}}, {""coeff"": 3, ""var"": {""x"": 2}}]}, ""deno"": 1}}","{""numi"": {""terms"": [{""coeff"": 2.0, ""var"": {""x"": 4}}, {""coeff"": 1.0, ""var"": {""x"": 3}}]}, ""deno"": 1}",,,RULE_0,power_rule,power_rule_integral,unverified,False,32,21,True,True,empty_output,Output deserialization failed: Expected token STRUCT:CLOSE but reached end of tokens
integrate,54,"{""op"": ""integrate"", ""var"": ""x"", ""expr"": {""numi"": {""terms"": [{""coeff"": 3, ""var"": {""x"": 2}}, {""coeff"": -10, ""var"": {""x"": 1}}]}, ""deno"": 1}}","{""numi"": {""terms"": [{""coeff"": 1.0, ""var"": {""x"": 3}}, {""coeff"": -5.0, ""var"": {""x"": 2}}]}, ""deno"": 1}",,,RULE_0,power_rule,power_rule_integral,unverified,False,32,21,True,True,empty_output,Output deserialization failed: Expected token STRUCT:CLOSE but reached end of tokens
integrate,55,"{""op"": ""integrate"", ""var"": ""x"", ""expr"": {""numi"": {""terms"": [{""coeff"": 2, ""var"": {""x"": 1}}, {""coeff"": 6, ""var"": {""x"": 2}}]}, ""deno"": 1}}","{""numi"": {""terms"": [{""coeff"": 1.0, ""var"": {""x"": 2}}, {""coeff"": 2.0, ""var"": {""x"": 3}}]}, ""deno"": 1}",,,RULE_0,power_rule,power_rule_integral,unverified,False,32,21,True,True,empty_output,Output deserialization failed: Expected token STRUCT:CLOSE but reached end of tokens
integrate,56,"{""op"": ""integrate"", ""var"": ""x"", ""expr"": {""numi"": {""terms"": [{""coeff"": 5, ""var"": {""x"": 4}}, {""coeff"": -2, ""var"": {""x"": 1}}]}, ""deno"": 1}}","{""numi"": {""terms"": [{""coeff"": 1.0, ""var"": {""x"": 5}}, {""coeff"": -1.0, ""var"": {""x"": 2}}]}, ""deno"": 1}",,,RULE_0,power_rule,power_rule_integral,unverified,False,32,21,True,True,empty_output,Output deserialization failed: Expected token STRUCT:CLOSE but reached end of tokens
integrate,57,"{""op"": ""integrate"", ""var"": ""x"", ""expr"": {""numi"": {""terms"": [{""coeff"": 8, ""var"": {""x"": 1}}, {""coeff"": -4, ""var"": {""x"": 3}}]}, ""deno"": 1}}","{""numi"": {""terms"": [{""coeff"": 4.0, ""var"": {""x"": 2}}, {""coeff"": -1.0, ""var"": {""x"": 4}}]}, ""deno"": 1}",,,RULE_0,power_rule,power_rule_integral,unverified,False,32,21,True,True,empty_output,Output deserialization failed: Expected token STRUCT:CLOSE but reached end of tokens
integrate,58,"{""op"": ""integrate"", ""var"": ""x"", ""expr"": {""numi"": {""terms"": [{""coeff"": 3, ""var"": {""x"": 2}}, {""coeff"": 8, ""var"": {""x"": 1}}]}, ""deno"": 1}}","{""numi"": {""terms"": [{""coeff"": 1.0, ""var"": {""x"": 3}}, {""coeff"": 4.0, ""var"": {""x"": 2}}]}, ""deno"": 1}",,,RULE_0,power_rule,power_rule_integral,unverified,False,32,21,True,True,empty_output,Output deserialization failed: Expected token STRUCT:CLOSE but reached end of tokens
integrate,59,"{""op"": ""integrate"", ""var"": ""x"", ""expr"": {""numi"": {""terms"": [{""coeff"": -6, ""var"": {""x"": 1}}, {""coeff"": 5, ""var"": {""x"": 4}}]}, ""deno"": 1}}","{""numi"": {""terms"": [{""coeff"": -3.0, ""var"": {""x"": 2}}, {""coeff"": 1.0, ""var"": {""x"": 5}}]}, ""deno"": 1}",,,RULE_0,power_rule,power_rule_integral,unverified,False,32,21,True,True,empty_output,Output deserialization failed: Expected token STRUCT:CLOSE but reached end of tokens
diff,0,"{""op"": ""diff"", ""var"": ""x"", ""expr"": {""numi"": {""terms"": [{""coeff"": 5, ""var"": {""x"": 2}}]}, ""deno"": 1}}","{""numi"": {""terms"": [{""coeff"": 10, ""var"": {""x"": 1}}]}, ""deno"": 1}",,,RULE_0,power_rule,power_rule,unverified,False,32,16,True,True,empty_output,Output deserialization failed: Expected token STRUCT:DENO but reached end of tokens
diff,1,"{""op"": ""diff"", ""var"": ""x"", ""expr"": {""numi"": {""terms"": [{""coeff"": 3, ""var"": {""x"": 3}}]}, ""deno"": 1}}","{""numi"": {""terms"": [{""coeff"": 9, ""var"": {""x"": 2}}]}, ""deno"": 1}",,,RULE_0,power_rule,power_rule,unverified,False,32,16,True,True,empty_output,Output deserialization failed: Expected token STRUCT:DENO but reached end of tokens
diff,2,"{""op"": ""diff"", ""var"": ""x"", ""expr"": {""numi"": {""terms"": [{""coeff"": -7, ""var"": {""x"": 1}}]}, ""deno"": 1}}","{""numi"": {""terms"": [{""coeff"": -7}]}, ""deno"": 1}",,,RULE_0,power_rule,power_rule,unverified,False,32,14,True,True,empty_output,Output deserialization failed: Expected token STRUCT:DENO but reached end of tokens
diff,3,"{""op"": ""diff"", ""var"": ""x"", ""expr"": {""numi"": {""terms"": [{""coeff"": 1, ""var"": {""x"": 2}}]}, ""deno"": 1}}","{""numi"": {""terms"": [{""coeff"": 2, ""var"": {""x"": 1}}]}, ""deno"": 1}",,,RULE_0,power_rule,power_rule,unverified,False,32,16,True,True,empty_output,Output deserialization failed: Expected token STRUCT:DENO but reached end of tokens
diff,4,"{""op"": ""diff"", ""var"": ""x"", ""expr"": {""numi"": {""terms"": [{""coeff"": -1, ""var"": {""x"": 2}}]}, ""deno"": 1}}","{""numi"": {""terms"": [{""coeff"": -2, ""var"": {""x"": 1}}]}, ""deno"": 1}",,,RULE_0,power_rule,power_rule,unverified,False,32,16,True,True,empty_output,Output deserialization failed: Expected token STRUCT:DENO but reached end of tokens
diff,5,"{""op"": ""diff"", ""var"": ""x"", ""expr"": {""numi"": {""terms"": [{""coeff"": -5, ""var"": {""x"": 2}}]}, ""deno"": 1}}","{""numi"": {""terms"": [{""coeff"": -10, ""var"": {""x"": 1}}]}, ""deno"": 1}",,,RULE_0,power_rule,power_rule,unverified,False,32,16,True,True,empty_output,Output deserialization failed: Expected token STRUCT:DENO but reached end of tokens
diff,6,"{""op"": ""diff"", ""var"": ""x"", ""expr"": {""numi"": {""terms"": [{""coeff"": 2, ""var"": {""x"": 4}}]}, ""deno"": 1}}","{""numi"": {""terms"": [{""coeff"": 8, ""var"": {""x"": 3}}]}, ""deno"": 1}",,,RULE_0,power_rule,power_rule,unverified,False,32,16,True,True,empty_output,Output deserialization failed: Expected token STRUCT:DENO but reached end of tokens
diff,7,"{""op"": ""diff"", ""var"": ""x"", ""expr"": {""numi"": {""terms"": [{""coeff"": -2, ""var"": {""x"": 4}}]}, ""deno"": 1}}","{""numi"": {""terms"": [{""coeff"": -8, ""var"": {""x"": 3}}]}, ""deno"": 1}",,,RULE_0,power_rule,power_rule,unverified,False,32,16,True,True,empty_output,Output deserialization failed: Expected token STRUCT:DENO but reached end of tokens
diff,8,"{""op"": ""diff"", ""var"": ""x"", ""expr"": {""numi"": {""terms"": [{""coeff"": -5, ""var"": {""x"": 1}}]}, ""deno"": 1}}","{""numi"": {""terms"": [{""coeff"": -5}]}, ""deno"": 1}",,,RULE_0,power_rule,power_rule,unverified,False,32,14,True,True,empty_output,Output deserialization failed: Expected token STRUCT:DENO but reached end of tokens
diff,9,"{""op"": ""diff"", ""var"": ""x"", ""expr"": {""numi"": {""terms"": [{""coeff"": -5, ""var"": {""x"": 1}}]}, ""deno"": 1}}","{""numi"": {""terms"": [{""coeff"": -5}]}, ""deno"": 1}",,,RULE_0,power_rule,power_rule,unverified,False,32,14,True,True,empty_output,Output deserialization failed: Expected token STRUCT:DENO but reached end of tokens
diff,10,"{""op"": ""diff"", ""var"": ""x"", ""expr"": {""numi"": {""terms"": [{""coeff"": -5, ""var"": {""x"": 2}}]}, ""deno"": 1}}","{""numi"": {""terms"": [{""coeff"": -10, ""var"": {""x"": 1}}]}, ""deno"": 1}",,,RULE_0,power_rule,power_rule,unverified,False,32,16,True,True,empty_output,Output deserialization failed: Expected token STRUCT:DENO but reached end of tokens
diff,11,"{""op"": ""diff"", ""var"": ""x"", ""expr"": {""numi"": {""terms"": [{""coeff"": -5, ""var"": {""x"": 1}}]}, ""deno"": 1}}","{""numi"": {""terms"": [{""coeff"": -5}]}, ""deno"": 1}",,,RULE_0,power_rule,power_rule,unverified,False,32,14,True,True,empty_output,Output deserialization failed: Expected token STRUCT:DENO but reached end of tokens
diff,12,"{""op"": ""diff"", ""var"": ""x"", ""expr"": {""numi"": {""terms"": [{""coeff"": 8, ""var"": {""x"": 1}}]}, ""deno"": 1}}","{""numi"": {""terms"": [{""coeff"": 8}]}, ""deno"": 1}",,,RULE_0,power_rule,power_rule,unverified,False,32,14,True,True,empty_output,Output deserialization failed: Expected token STRUCT:DENO but reached end of tokens
diff,13,"{""op"": ""diff"", ""var"": ""x"", ""expr"": {""numi"": {""terms"": [{""coeff"": -1, ""var"": {""x"": 5}}]}, ""deno"": 1}}","{""numi"": {""terms"": [{""coeff"": -5, ""var"": {""x"": 4}}]}, ""deno"": 1}",,,RULE_0,power_rule,power_rule,unverified,False,32,16,True,True,empty_output,Output deserialization failed: Expected token STRUCT:DENO but reached end of tokens
diff,14,"{""op"": ""diff"", ""var"": ""x"", ""expr"": {""numi"": {""terms"": [{""coeff"": 1, ""var"": {""x"": 5}}]}, ""deno"": 1}}","{""numi"": {""terms"": [{""coeff"": 5, ""var"": {""x"": 4}}]}, ""deno"": 1}",,,RULE_0,power_rule,power_rule,unverified,False,32,16,True,True,empty_output,Output deserialization failed: Expected token STRUCT:DENO but reached end of tokens
diff,15,"{""op"": ""diff"", ""var"": ""x"", ""expr"": {""numi"": {""terms"": [{""coeff"": 1, ""var"": {""x"": 5}}]}, ""deno"": 1}}","{""numi"": {""terms"": [{""coeff"": 5, ""var"": {""x"": 4}}]}, ""deno"": 1}",,,RULE_0,power_rule,power_rule,unverified,False,32,16,True,True,empty_output,Output deserialization failed: Expected token STRUCT:DENO but reached end of tokens
diff,16,"{""op"": ""diff"", ""var"": ""x"", ""expr"": {""numi"": {""terms"": [{""coeff"": 2, ""var"": {""x"": 4}}]}, ""deno"": 1}}","{""numi"": {""terms"": [{""coeff"": 8, ""var"": {""x"": 3}}]}, ""deno"": 1}",,,RULE_0,power_rule,power_rule,unverified,False,32,16,True,True,empty_output,Output deserialization failed: Expected token STRUCT:DENO but reached end of tokens
diff,17,"{""op"": ""diff"", ""var"": ""x"", ""expr"": {""numi"": {""terms"": [{""coeff"": 3, ""var"": {""x"": 1}}]}, ""deno"": 1}}","{""numi"": {""terms"": [{""coeff"": 3}]}, ""deno"": 1}",,,RULE_0,power_rule,power_rule,unverified,False,32,14,True,True,empty_output,Output deserialization failed: Expected token STRUCT:DENO but reached end of tokens
diff,18,"{""op"": ""diff"", ""var"": ""x"", ""expr"": {""numi"": {""terms"": [{""coeff"": -2, ""var"": {""x"": 2}}]}, ""deno"": 1}}","{""numi"": {""terms"": [{""coeff"": -4, ""var"": {""x"": 1}}]}, ""deno"": 1}",,,RULE_0,power_rule,power_rule,unverified,False,32,16,True,True,empty_output,Output deserialization failed: Expected token STRUCT:DENO but reached end of tokens
diff,19,"{""op"": ""diff"", ""var"": ""x"", ""expr"": {""numi"": {""terms"": [{""coeff"": -2, ""var"": {""x"": 2}}]}, ""deno"": 1}}","{""numi"": {""terms"": [{""coeff"": -4, ""var"": {""x"": 1}}]}, ""deno"": 1}",,,RULE_0,power_rule,power_rule,unverified,False,32,16,True,True,empty_output,Output deserialization failed: Expected token STRUCT:DENO but reached end of tokens
diff,20,"{""op"": ""diff"", ""var"": ""x"", ""expr"": {""numi"": {""terms"": [{""coeff"": 1, ""var"": {""x"": 2}}]}, ""deno"": 1}}","{""numi"": {""terms"": [{""coeff"": 2, ""var"": {""x"": 1}}]}, ""deno"": 1}",,,RULE_0,power_rule,power_rule,unverified,False,32,16,True,True,empty_output,Output deserialization failed: Expected token STRUCT:DENO but reached end of tokens
diff,21,"{""op"": ""diff"", ""var"": ""x"", ""expr"": {""numi"": {""terms"": [{""coeff"": -7, ""var"": {""x"": 1}}]}, ""deno"": 1}}","{""numi"": {""terms"": [{""coeff"": -7}]}, ""deno"": 1}",,,RULE_0,power_rule,power_rule,unverified,False,32,14,True,True,empty_output,Output deserialization failed: Expected token STRUCT:DENO but reached end of tokens
diff,22,"{""op"": ""diff"", ""var"": ""x"", ""expr"": {""numi"": {""terms"": [{""coeff"": -1, ""var"": {""x"": 5}}]}, ""deno"": 1}}","{""numi"": {""terms"": [{""coeff"": -5, ""var"": {""x"": 4}}]}, ""deno"": 1}",,,RULE_0,power_rule,power_rule,unverified,False,32,16,True,True,empty_output,Output deserialization failed: Expected token STRUCT:DENO but reached end of tokens
diff,23,"{""op"": ""diff"", ""var"": ""x"", ""expr"": {""numi"": {""terms"": [{""coeff"": 2, ""var"": {""x"": 3}}]}, ""deno"": 1}}","{""numi"": {""terms"": [{""coeff"": 6, ""var"": {""x"": 2}}]}, ""deno"": 1}",,,RULE_0,power_rule,power_rule,unverified,False,32,16,True,True,empty_output,Output deserialization failed: Expected token STRUCT:DENO but reached end of tokens
diff,24,"{""op"": ""diff"", ""var"": ""x"", ""expr"": {""numi"": {""terms"": [{""coeff"": 5, ""var"": {""x"": 1}}]}, ""deno"": 1}}","{""numi"": {""terms"": [{""coeff"": 5}]}, ""deno"": 1}",,,RULE_0,power_rule,power_rule,unverified,False,32,14,True,True,empty_output,Output deserialization failed: Expected token STRUCT:DENO but reached end of tokens
diff,25,"{""op"": ""diff"", ""var"": ""x"", ""expr"": {""numi"": {""terms"": [{""coeff"": -4, ""var"": {""x"": 1}}]}, ""deno"": 1}}","{""numi"": {""terms"": [{""coeff"": -4}]}, ""deno"": 1}",,,RULE_0,power_rule,power_rule,unverified,False,32,14,True,True,empty_output,Output deserialization failed: Expected token STRUCT:DENO but reached end of tokens
diff,26,"{""op"": ""diff"", ""var"": ""x"", ""expr"": {""numi"": {""terms"": [{""coeff"": 3, ""var"": {""x"": 1}}]}, ""deno"": 1}}","{""numi"": {""terms"": [{""coeff"": 3}]}, ""deno"": 1}",,,RULE_0,power_rule,power_rule,unverified,False,32,14,True,True,empty_output,Output deserialization failed: Expected token STRUCT:DENO but reached end of tokens
diff,27,"{""op"": ""diff"", ""var"": ""x"", ""expr"": {""numi"": {""terms"": [{""coeff"": 3, ""var"": {""x"": 2}}]}, ""deno"": 1}}","{""numi"": {""terms"": [{""coeff"": 6, ""var"": {""x"": 1}}]}, ""deno"": 1}",,,RULE_0,power_rule,power_rule,unverified,False,32,16,True,True,empty_output,Output deserialization failed: Expected token STRUCT:DENO but reached end of tokens
diff,28,"{""op"": ""diff"", ""var"": ""x"", ""expr"": {""numi"": {""terms"": [{""coeff"": 8, ""var"": {""x"": 1}}]}, ""deno"": 1}}","{""numi"": {""terms"": [{""coeff"": 8}]}, ""deno"": 1}",,,RULE_0,power_rule,power_rule,unverified,False,32,14,True,True,empty_output,Output deserialization failed: Expected token STRUCT:DENO but reached end of tokens
diff,29,"{""op"": ""diff"", ""var"": ""x"", ""expr"": {""numi"": {""terms"": [{""coeff"": 5, ""var"": {""x"": 2}}]}, ""deno"": 1}}","{""numi"": {""terms"": [{""coeff"": 10, ""var"": {""x"": 1}}]}, ""deno"": 1}",,,RULE_0,power_rule,power_rule,unverified,False,32,16,True,True,empty_output,Output deserialization failed: Expected token STRUCT:DENO but reached end of tokens
diff,30,"{""op"": ""diff"", ""var"": ""x"", ""expr"": {""numi"": {""terms"": [{""coeff"": -3, ""var"": {""x"": 2}}]}, ""deno"": 1}}","{""numi"": {""terms"": [{""coeff"": -6, ""var"": {""x"": 1}}]}, ""deno"": 1}",,,RULE_0,power_rule,power_rule,unverified,False,32,16,True,True,empty_output,Output deserialization failed: Expected token STRUCT:DENO but reached end of tokens
diff,31,"{""op"": ""diff"", ""var"": ""x"", ""expr"": {""numi"": {""terms"": [{""coeff"": -7, ""var"": {""x"": 1}}]}, ""deno"": 1}}","{""numi"": {""terms"": [{""coeff"": -7}]}, ""deno"": 1}",,,RULE_0,power_rule,power_rule,unverified,False,32,14,True,True,empty_output,Output deserialization failed: Expected token STRUCT:DENO but reached end of tokens
diff,32,"{""op"": ""diff"", ""var"": ""x"", ""expr"": {""numi"": {""terms"": [{""coeff"": 12, ""var"": {""x"": 1}}]}, ""deno"": 1}}","{""numi"": {""terms"": [{""coeff"": 12}]}, ""deno"": 1}",,,RULE_0,power_rule,power_rule,unverified,False,32,14,True,True,empty_output,Output deserialization failed: Expected token STRUCT:DENO but reached end of tokens
diff,33,"{""op"": ""diff"", ""var"": ""x"", ""expr"": {""numi"": {""terms"": [{""coeff"": 4, ""var"": {""x"": 2}}]}, ""deno"": 1}}","{""numi"": {""terms"": [{""coeff"": 8, ""var"": {""x"": 1}}]}, ""deno"": 1}",,,RULE_0,power_rule,power_rule,unverified,False,32,16,True,True,empty_output,Output deserialization failed: Expected token STRUCT:DENO but reached end of tokens
diff,34,"{""op"": ""diff"", ""var"": ""x"", ""expr"": {""numi"": {""terms"": [{""coeff"": -2, ""var"": {""x"": 4}}]}, ""deno"": 1}}","{""numi"": {""terms"": [{""coeff"": -8, ""var"": {""x"": 3}}]}, ""deno"": 1}",,,RULE_0,power_rule,power_rule,unverified,False,32,16,True,True,empty_output,Output deserialization failed: Expected token STRUCT:DENO but reached end of tokens
diff,35,"{""op"": ""diff"", ""var"": ""x"", ""expr"": {""numi"": {""terms"": [{""coeff"": -2, ""var"": {""x"": 1}}]}, ""deno"": 1}}","{""numi"": {""terms"": [{""coeff"": -2}]}, ""deno"": 1}",,,RULE_0,power_rule,power_rule,unverified,False,32,14,True,True,empty_output,Output deserialization failed: Expected token STRUCT:DENO but reached end of tokens
diff,36,"{""op"": ""diff"", ""var"": ""x"", ""expr"": {""numi"": {""terms"": [{""coeff"": -4, ""var"": {""x"": 2}}]}, ""deno"": 1}}","{""numi"": {""terms"": [{""coeff"": -8, ""var"": {""x"": 1}}]}, ""deno"": 1}",,,RULE_0,power_rule,power_rule,unverified,False,32,16,True,True,empty_output,Output deserialization failed: Expected token STRUCT:DENO but reached end of tokens
diff,37,"{""op"": ""diff"", ""var"": ""x"", ""expr"": {""numi"": {""terms"": [{""coeff"": -2, ""var"": {""x"": 1}}]}, ""deno"": 1}}","{""numi"": {""terms"": [{""coeff"": -2}]}, ""deno"": 1}",,,RULE_0,power_rule,power_rule,unverified,False,32,14,True,True,empty_output,Output deserialization failed: Expected token STRUCT:DENO but reached end of tokens
diff,38,"{""op"": ""diff"", ""var"": ""x"", ""expr"": {""numi"": {""terms"": [{""coeff"": -2, ""var"": {""x"": 3}}]}, ""deno"": 1}}","{""numi"": {""terms"": [{""coeff"": -6, ""var"": {""x"": 2}}]}, ""deno"": 1}",,,RULE_0,power_rule,power_rule,unverified,False,32,16,True,True,empty_output,Output deserialization failed: Expected token STRUCT:DENO but reached end of tokens
diff,39,"{""op"": ""diff"", ""var"": ""x"", ""expr"": {""numi"": {""terms"": [{""coeff"": -9, ""var"": {""x"": 1}}]}, ""deno"": 1}}","{""numi"": {""terms"": [{""coeff"": -9}]}, ""deno"": 1}",,,RULE_0,power_rule,power_rule,unverified,False,32,14,True,True,empty_output,Output deserialization failed: Expected token STRUCT:DENO but reached end of tokens
diff,40,"{""op"": ""diff"", ""var"": ""x"", ""expr"": {""numi"": {""terms"": [{""coeff"": -10, ""var"": {""x"": 1}}]}, ""deno"": 1}}","{""numi"": {""terms"": [{""coeff"": -10}]}, ""deno"": 1}",,,RULE_0,power_rule,power_rule,unverified,False,32,14,True,True,empty_output,Output deserialization failed: Expected token STRUCT:DENO but reached end of tokens
diff,41,"{""op"": ""diff"", ""var"": ""x"", ""expr"": {""numi"": {""terms"": [{""coeff"": -3, ""var"": {""x"": 3}}]}, ""deno"": 1}}","{""numi"": {""terms"": [{""coeff"": -9, ""var"": {""x"": 2}}]}, ""deno"": 1}",,,RULE_0,power_rule,power_rule,unverified,False,32,16,True,True,empty_output,Output deserialization failed: Expected token STRUCT:DENO but reached end of tokens
diff,42,"{""op"": ""diff"", ""var"": ""x"", ""expr"": {""numi"": {""terms"": [{""coeff"": 12, ""var"": {""x"": 1}}]}, ""deno"": 1}}","{""numi"": {""terms"": [{""coeff"": 12}]}, ""deno"": 1}",,,RULE_0,power_rule,power_rule,unverified,False,32,14,True,True,empty_output,Output deserialization failed: Expected token STRUCT:DENO but reached end of tokens
diff,43,"{""op"": ""diff"", ""var"": ""x"", ""expr"": {""numi"": {""terms"": [{""coeff"": 2, ""var"": {""x"": 3}}]}, ""deno"": 1}}","{""numi"": {""terms"": [{""coeff"": 6, ""var"": {""x"": 2}}]}, ""deno"": 1}",,,RULE_0,power_rule,power_rule,unverified,False,32,16,True,True,empty_output,Output deserialization failed: Expected token STRUCT:DENO but reached end of tokens
diff,44,"{""op"": ""diff"", ""var"": ""x"", ""expr"": {""numi"": {""terms"": [{""coeff"": 5, ""var"": {""x"": 1}}]}, ""deno"": 1}}","{""numi"": {""terms"": [{""coeff"": 5}]}, ""deno"": 1}",,,RULE_0,power_rule,power_rule,unverified,False,32,14,True,True,empty_output,Output deserialization failed: Expected token STRUCT:DENO but reached end of tokens
diff,45,"{""op"": ""diff"", ""var"": ""x"", ""expr"": {""numi"": {""terms"": [{""coeff"": -5, ""var"": {""x"": 1}}]}, ""deno"": 1}}","{""numi"": {""terms"": [{""coeff"": -5}]}, ""deno"": 1}",,,RULE_0,power_rule,power_rule,unverified,False,32,14,True,True,empty_output,Output deserialization failed: Expected token STRUCT:DENO but reached end of tokens
diff,46,"{""op"": ""diff"", ""var"": ""x"", ""expr"": {""numi"": {""terms"": [{""coeff"": 2, ""var"": {""x"": 5}}]}, ""deno"": 1}}","{""numi"": {""terms"": [{""coeff"": 10, ""var"": {""x"": 4}}]}, ""deno"": 1}",,,RULE_0,power_rule,power_rule,unverified,False,32,16,True,True,empty_output,Output deserialization failed: Expected token STRUCT:DENO but reached end of tokens
diff,47,"{""op"": ""diff"", ""var"": ""x"", ""expr"": {""numi"": {""terms"": [{""coeff"": -10, ""var"": {""x"": 1}}]}, ""deno"": 1}}","{""numi"": {""terms"": [{""coeff"": -10}]}, ""deno"": 1}",,,RULE_0,power_rule,power_rule,unverified,False,32,14,True,True,empty_output,Output deserialization failed: Expected token STRUCT:DENO but reached end of tokens
diff,48,"{""op"": ""diff"", ""var"": ""x"", ""expr"": {""numi"": {""terms"": [{""coeff"": 1, ""var"": {""x"": 5}}]}, ""deno"": 1}}","{""numi"": {""terms"": [{""coeff"": 5, ""var"": {""x"": 4}}]}, ""deno"": 1}",,,RULE_0,power_rule,power_rule,unverified,False,32,16,True,True,empty_output,Output deserialization failed: Expected token STRUCT:DENO but reached end of tokens
diff,49,"{""op"": ""diff"", ""var"": ""x"", ""expr"": {""numi"": {""terms"": [{""coeff"": 3, ""var"": {""x"": 2}}]}, ""deno"": 1}}","{""numi"": {""terms"": [{""coeff"": 6, ""var"": {""x"": 1}}]}, ""deno"": 1}",,,RULE_0,power_rule,power_rule,unverified,False,32,16,True,True,empty_output,Output deserialization failed: Expected token STRUCT:DENO but reached end of tokens
diff,50,"{""op"": ""diff"", ""var"": ""x"", ""expr"": {""numi"": {""terms"": [{""coeff"": 3, ""var"": {""x"": 4}}, {""coeff"": -4, ""var"": {""x"": 2}}, {""coeff"": -2, ""var"": {""x"": 1}}]}, ""deno"": 1}}","{""numi"": {""terms"": [{""coeff"": 12, ""var"": {""x"": 3}}, {""coeff"": -8, ""var"": {""x"": 1}}, {""coeff"": -2}]}, ""deno"": 1}",,,RULE_0,power_rule,power_rule,unverified,False,32,24,True,True,empty_output,Output deserialization failed: Expected token STRUCT:CLOSE but reached end of tokens
diff,51,"{""op"": ""diff"", ""var"": ""x"", ""expr"": {""numi"": {""terms"": [{""coeff"": -6, ""var"": {""x"": 1}}, {""coeff"": 3, ""var"": {""x"": 4}}, {""coeff"": 4, ""var"": {""x"": 3}}]}, ""deno"": 1}}","{""numi"": {""terms"": [{""coeff"": -6}, {""coeff"": 12, ""var"": {""x"": 3}}, {""coeff"": 12, ""var"": {""x"": 2}}]}, ""deno"": 1}",,,RULE_0,power_rule,power_rule,unverified,False,32,24,True,True,empty_output,Output deserialization failed: Expected token STRUCT:CLOSE but reached end of tokens
diff,52,"{""op"": ""diff"", ""var"": ""x"", ""expr"": {""numi"": {""terms"": [{""coeff"": -8, ""var"": {""x"": 1}}, {""coeff"": 2, ""var"": {""x"": 5}}]}, ""deno"": 1}}","{""numi"": {""terms"": [{""coeff"": -8}, {""coeff"": 10, ""var"": {""x"": 4}}]}, ""deno"": 1}",,,RULE_0,power_rule,power_rule,unverified,False,32,19,True,True,empty_output,Output deserialization failed: Expected token STRUCT:CLOSE but reached end of tokens
diff,53,"{""op"": ""diff"", ""var"": ""x"", ""expr"": {""numi"": {""terms"": [{""coeff"": 1, ""var"": {""x"": 1}}, {""coeff"": -3, ""var"": {""x"": 3}}, {""coeff"": -1, ""var"": {""x"": 4}}]}, ""deno"": 1}}","{""numi"": {""terms"": [{""coeff"": 1}, {""coeff"": -9, ""var"": {""x"": 2}}, {""coeff"": -4, ""var"": {""x"": 3}}]}, ""deno"": 1}",,,RULE_0,power_rule,power_rule,unverified,False,32,24,True,True,empty_output,Output deserialization failed: Expected token STRUCT:CLOSE but reached end of tokens
diff,54,"{""op"": ""diff"", ""var"": ""x"", ""expr"": {""numi"": {""terms"": [{""coeff"": 1, ""var"": {""x"": 1}}, {""coeff"": 1, ""var"": {""x"": 3}}]}, ""deno"": 1}}","{""numi"": {""terms"": [{""coeff"": 1}, {""coeff"": 3, ""var"": {""x"": 2}}]}, ""deno"": 1}",,,RULE_0,power_rule,power_rule,unverified,False,32,19,True,True,empty_output,Output deserialization failed: Expected token STRUCT:CLOSE but reached end of tokens
diff,55,"{""op"": ""diff"", ""var"": ""x"", ""expr"": {""numi"": {""terms"": [{""coeff"": -10, ""var"": {""x"": 1}}, {""coeff"": 4, ""var"": {""x"": 2}}]}, ""deno"": 1}}","{""numi"": {""terms"": [{""coeff"": -10}, {""coeff"": 8, ""var"": {""x"": 1}}]}, ""deno"": 1}",,,RULE_0,power_rule,power_rule,unverified,False,32,19,True,True,empty_output,Output deserialization failed: Expected token STRUCT:CLOSE but reached end of tokens
diff,56,"{""op"": ""diff"", ""var"": ""x"", ""expr"": {""numi"": {""terms"": [{""coeff"": -2, ""var"": {""x"": 3}}, {""coeff"": 3, ""var"": {""x"": 4}}]}, ""deno"": 1}}","{""numi"": {""terms"": [{""coeff"": -6, ""var"": {""x"": 2}}, {""coeff"": 12, ""var"": {""x"": 3}}]}, ""deno"": 1}",,,RULE_0,power_rule,power_rule,unverified,False,32,21,True,True,empty_output,Output deserialization failed: Expected token STRUCT:CLOSE but reached end of tokens
diff,57,"{""op"": ""diff"", ""var"": ""x"", ""expr"": {""numi"": {""terms"": [{""coeff"": 1, ""var"": {""x"": 1}}, {""coeff"": -2, ""var"": {""x"": 2}}, {""coeff"": -1, ""var"": {""x"": 5}}]}, ""deno"": 1}}","{""numi"": {""terms"": [{""coeff"": 1}, {""coeff"": -4, ""var"": {""x"": 1}}, {""coeff"": -5, ""var"": {""x"": 4}}]}, ""deno"": 1}",,,RULE_0,power_rule,power_rule,unverified,False,32,24,True,True,empty_output,Output deserialization failed: Expected token STRUCT:CLOSE but reached end of tokens
diff,58,"{""op"": ""diff"", ""var"": ""x"", ""expr"": {""numi"": {""terms"": [{""coeff"": 2, ""var"": {""x"": 3}}, {""coeff"": -5, ""var"": {""x"": 2}}, {""coeff"": -8, ""var"": {""x"": 1}}]}, ""deno"": 1}}","{""numi"": {""terms"": [{""coeff"": 6, ""var"": {""x"": 2}}, {""coeff"": -10, ""var"": {""x"": 1}}, {""coeff"": -8}]}, ""deno"": 1}",,,RULE_0,power_rule,power_rule,unverified,False,32,24,True,True,empty_output,Output deserialization failed: Expected token STRUCT:CLOSE but reached end of tokens
diff,59,"{""op"": ""diff"", ""var"": ""x"", ""expr"": {""numi"": {""terms"": [{""coeff"": 6, ""var"": {""x"": 2}}, {""coeff"": 1, ""var"": {""x"": 4}}, {""coeff"": 2, ""var"": {""x"": 3}}]}, ""deno"": 1}}","{""numi"": {""terms"": [{""coeff"": 12, ""var"": {""x"": 1}}, {""coeff"": 4, ""var"": {""x"": 3}}, {""coeff"": 6, ""var"": {""x"": 2}}]}, ""deno"": 1}",,,RULE_0,power_rule,power_rule,unverified,False,32,26,True,True,empty_output,Output deserialization failed: Expected token STRUCT:CLOSE but reached end of tokens
diff,60,"{""op"": ""diff"", ""var"": ""x"", ""expr"": {""numi"": {""terms"": [{""coeff"": 2, ""var"": {""x"": 3}}, {""coeff"": 4, ""var"": {""x"": 1}}]}, ""deno"": 1}}","{""numi"": {""terms"": [{""coeff"": 6, ""var"": {""x"": 2}}, {""coeff"": 4}]}, ""deno"": 1}",,,RULE_0,power_rule,power_rule,unverified,False,32,19,True,True,empty_output,Output deserialization failed: Expected token STRUCT:CLOSE but reached end of tokens
diff,61,"{""op"": ""diff"", ""var"": ""x"", ""expr"": {""numi"": {""terms"": [{""coeff"": -2, ""var"": {""x"": 1}}, {""coeff"": -2, ""var"": {""x"": 4}}]}, ""deno"": 1}}","{""numi"": {""terms"": [{""coeff"": -2}, {""coeff"": -8, ""var"": {""x"": 3}}]}, ""deno"": 1}",,,RULE_0,power_rule,power_rule,unverified,False,32,19,True,True,empty_output,Output deserialization failed: Expected token STRUCT:CLOSE but reached end of tokens
diff,62,"{""op"": ""diff"", ""var"": ""x"", ""expr"": {""numi"": {""terms"": [{""coeff"": -5, ""var"": {""x"": 1}}, {""coeff"": 1, ""var"": {""x"": 5}}, {""coeff"": 3, ""var"": {""x"": 3}}]}, ""deno"": 1}}","{""numi"": {""terms"": [{""coeff"": -5}, {""coeff"": 5, ""var"": {""x"": 4}}, {""coeff"": 9, ""var"": {""x"": 2}}]}, ""deno"": 1}",,,RULE_0,power_rule,power_rule,unverified,False,32,24,True,True,empty_output,Output deserialization failed: Expected token STRUCT:CLOSE but reached end of tokens
diff,63,"{""op"": ""diff"", ""var"": ""x"", ""expr"": {""numi"": {""terms"": [{""coeff"": 4, ""var"": {""x"": 2}}, {""coeff"": 10, ""var"": {""x"": 1}}, {""coeff"": -1, ""var"": {""x"": 3}}]}, ""deno"": 1}}","{""numi"": {""terms"": [{""coeff"": 8, ""var"": {""x"": 1}}, {""coeff"": 10}, {""coeff"": -3, ""var"": {""x"": 2}}]}, ""deno"": 1}",,,RULE_0,power_rule,power_rule,unverified,False,32,24,True,True,empty_output,Output deserialization failed: Expected token STRUCT:CLOSE but reached end of tokens
diff,64,"{""op"": ""diff"", ""var"": ""x"", ""expr"": {""numi"": {""terms"": [{""coeff"": 3, ""var"": {""x"": 4}}, {""coeff"": -9, ""var"": {""x"": 1}}, {""coeff"": -2, ""var"": {""x"": 3}}]}, ""deno"": 1}}","{""numi"": {""terms"": [{""coeff"": 12, ""var"": {""x"": 3}}, {""coeff"": -9}, {""coeff"": -6, ""var"": {""x"": 2}}]}, ""deno"": 1}",,,RULE_0,power_rule,power_rule,unverified,False,32,24,True,True,empty_output,Output deserialization failed: Expected token STRUCT:CLOSE but reached end of tokens
diff,65,"{""op"": ""diff"", ""var"": ""x"", ""expr"": {""numi"": {""terms"": [{""coeff"": 2, ""var"": {""x"": 3}}, {""coeff"": 2, ""var"": {""x"": 4}}]}, ""deno"": 1}}","{""numi"": {""terms"": [{""coeff"": 6, ""var"": {""x"": 2}}, {""coeff"": 8, ""var"": {""x"": 3}}]}, ""deno"": 1}",,,RULE_0,power_rule,power_rule,unverified,False,32,21,True,True,empty_output,Output deserialization failed: Expected token STRUCT:CLOSE but reached end of tokens
diff,66,"{""op"": ""diff"", ""var"": ""x"", ""expr"": {""numi"": {""terms"": [{""coeff"": 8, ""var"": {""x"": 1}}, {""coeff"": -2, ""var"": {""x"": 4}}, {""coeff"": 2, ""var"": {""x"": 3}}]}, ""deno"": 1}}","{""numi"": {""terms"": [{""coeff"": 8}, {""coeff"": -8, ""var"": {""x"": 3}}, {""coeff"": 6, ""var"": {""x"": 2}}]}, ""deno"": 1}",,,RULE_0,power_rule,power_rule,unverified,False,32,24,True,True,empty_output,Output deserialization failed: Expected token STRUCT:CLOSE but reached end of tokens
diff,67,"{""op"": ""diff"", ""var"": ""x"", ""expr"": {""numi"": {""terms"": [{""coeff"": 3, ""var"": {""x"": 2}}, {""coeff"": -9, ""var"": {""x"": 1}}]}, ""deno"": 1}}","{""numi"": {""terms"": [{""coeff"": 6, ""var"": {""x"": 1}}, {""coeff"": -9}]}, ""deno"": 1}",,,RULE_0,power_rule,power_rule,unverified,False,32,19,True,True,empty_output,Output deserialization failed: Expected token STRUCT:CLOSE but reached end of tokens
diff,68,"{""op"": ""diff"", ""var"": ""x"", ""expr"": {""numi"": {""terms"": [{""coeff"": 2, ""var"": {""x"": 1}}, {""coeff"": 2, ""var"": {""x"": 5}}]}, ""deno"": 1}}","{""numi"": {""terms"": [{""coeff"": 2}, {""coeff"": 10, ""var"": {""x"": 4}}]}, ""deno"": 1}",,,RULE_0,power_rule,power_rule,unverified,False,32,19,True,True,empty_output,Output deserialization failed: Expected token STRUCT:CLOSE but reached end of tokens
diff,69,"{""op"": ""diff"", ""var"": ""x"", ""expr"": {""numi"": {""terms"": [{""coeff"": -1, ""var"": {""x"": 5}}, {""coeff"": 1, ""var"": {""x"": 3}}]}, ""deno"": 1}}","{""numi"": {""terms"": [{""coeff"": -5, ""var"": {""x"": 4}}, {""coeff"": 3, ""var"": {""x"": 2}}]}, ""deno"": 1}",,,RULE_0,power_rule,power_rule,unverified,False,32,21,True,True,empty_output,Output deserialization failed: Expected token STRUCT:CLOSE but reached end of tokens
diff,70,"{""op"": ""diff"", ""var"": ""x"", ""expr"": {""numi"": {""terms"": [{""coeff"": -2, ""var"": {""x"": 1}}, {""coeff"": -3, ""var"": {""x"": 2}}, {""coeff"": 3, ""var"": {""x"": 4}}]}, ""deno"": 1}}","{""numi"": {""terms"": [{""coeff"": -2}, {""coeff"": -6, ""var"": {""x"": 1}}, {""coeff"": 12, ""var"": {""x"": 3}}]}, ""deno"": 1}",,,RULE_0,power_rule,power_rule,unverified,False,32,24,True,True,empty_output,Output deserialization failed: Expected token STRUCT:CLOSE but reached end of tokens
diff,71,"{""op"": ""diff"", ""var"": ""x"", ""expr"": {""numi"": {""terms"": [{""coeff"": 2, ""var"": {""x"": 2}}, {""coeff"": -1, ""var"": {""x"": 3}}, {""coeff"": -2, ""var"": {""x"": 5}}]}, ""deno"": 1}}","{""numi"": {""terms"": [{""coeff"": 4, ""var"": {""x"": 1}}, {""coeff"": -3, ""var"": {""x"": 2}}, {""coeff"": -10, ""var"": {""x"": 4}}]}, ""deno"": 1}",,,RULE_0,power_rule,power_rule,unverified,False,32,26,True,True,empty_output,Output deserialization failed: Expected token STRUCT:CLOSE but reached end of tokens
diff,72,"{""op"": ""diff"", ""var"": ""x"", ""expr"": {""numi"": {""terms"": [{""coeff"": 3, ""var"": {""x"": 2}}, {""coeff"": 1, ""var"": {""x"": 5}}, {""coeff"": -2, ""var"": {""x"": 3}}]}, ""deno"": 1}}","{""numi"": {""terms"": [{""coeff"": 6, ""var"": {""x"": 1}}, {""coeff"": 5, ""var"": {""x"": 4}}, {""coeff"": -6, ""var"": {""x"": 2}}]}, ""deno"": 1}",,,RULE_0,power_rule,power_rule,unverified,False,32,26,True,True,empty_output,Output deserialization failed: Expected token STRUCT:CLOSE but reached end of tokens
diff,73,"{""op"": ""diff"", ""var"": ""x"", ""expr"": {""numi"": {""terms"": [{""coeff"": 4, ""var"": {""x"": 1}}, {""coeff"": 1, ""var"": {""x"": 4}}, {""coeff"": -1, ""var"": {""x"": 5}}]}, ""deno"": 1}}","{""numi"": {""terms"": [{""coeff"": 4}, {""coeff"": 4, ""var"": {""x"": 3}}, {""coeff"": -5, ""var"": {""x"": 4}}]}, ""deno"": 1}",,,RULE_0,power_rule,power_rule,unverified,False,32,24,True,True,empty_output,Output deserialization failed: Expected token STRUCT:CLOSE but reached end of tokens
diff,74,"{""op"": ""diff"", ""var"": ""x"", ""expr"": {""numi"": {""terms"": [{""coeff"": -8, ""var"": {""x"": 1}}, {""coeff"": 5, ""var"": {""x"": 2}}]}, ""deno"": 1}}","{""numi"": {""terms"": [{""coeff"": -8}, {""coeff"": 10, ""var"": {""x"": 1}}]}, ""deno"": 1}",,,RULE_0,power_rule,power_rule,unverified,False,32,19,True,True,empty_output,Output deserialization failed: Expected token STRUCT:CLOSE but reached end of tokens
diff,75,"{""op"": ""diff"", ""var"": ""x"", ""expr"": {""numi"": {""terms"": [{""coeff"": 4, ""var"": {""x"": 1}}, {""coeff"": 1, ""var"": {""x"": 3}}]}, ""deno"": 1}}","{""numi"": {""terms"": [{""coeff"": 4}, {""coeff"": 3, ""var"": {""x"": 2}}]}, ""deno"": 1}",,,RULE_0,power_rule,power_rule,unverified,False,32,19,True,True,empty_output,Output deserialization failed: Expected token STRUCT:CLOSE but reached end of tokens
diff,76,"{""op"": ""diff"", ""var"": ""x"", ""expr"": {""numi"": {""terms"": [{""coeff"": -8, ""var"": {""x"": 1}}, {""coeff"": -2, ""var"": {""x"": 2}}, {""coeff"": -1, ""var"": {""x"": 5}}]}, ""deno"": 1}}","{""numi"": {""terms"": [{""coeff"": -8}, {""coeff"": -4, ""var"": {""x"": 1}}, {""coeff"": -5, ""var"": {""x"": 4}}]}, ""deno"": 1}",,,RULE_0,power_rule,power_rule,unverified,False,32,24,True,True,empty_output,Output deserialization failed: Expected token STRUCT:CLOSE but reached end of tokens
diff,77,"{""op"": ""diff"", ""var"": ""x"", ""expr"": {""numi"": {""terms"": [{""coeff"": 3, ""var"": {""x"": 1}}, {""coeff"": 1, ""var"": {""x"": 2}}]}, ""deno"": 1}}","{""numi"": {""terms"": [{""coeff"": 3}, {""coeff"": 2, ""var"": {""x"": 1}}]}, ""deno"": 1}",,,RULE_0,power_rule,power_rule,unverified,False,32,19,True,True,empty_output,Output deserialization failed: Expected token STRUCT:CLOSE but reached end of tokens
diff,78,"{""op"": ""diff"", ""var"": ""x"", ""expr"": {""numi"": {""terms"": [{""coeff"": -1, ""var"": {""x"": 5}}, {""coeff"": -5, ""var"": {""x"": 1}}, {""coeff"": 2, ""var"": {""x"": 2}}]}, ""deno"": 1}}","{""numi"": {""terms"": [{""coeff"": -5, ""var"": {""x"": 4}}, {""coeff"": -5}, {""coeff"": 4, ""var"": {""x"": 1}}]}, ""deno"": 1}",,,RULE_0,power_rule,power_rule,unverified,False,32,24,True,True,empty_output,Output deserialization failed: Expected token STRUCT:CLOSE but reached end of tokens
diff,79,"{""op"": ""diff"", ""var"": ""x"", ""expr"": {""numi"": {""terms"": [{""coeff"": 5, ""var"": {""x"": 1}}, {""coeff"": 6, ""var"": {""x"": 2}}]}, ""deno"": 1}}","{""numi"": {""terms"": [{""coeff"": 5}, {""coeff"": 12, ""var"": {""x"": 1}}]}, ""deno"": 1}",,,RULE_0,power_rule,power_rule,unverified,False,32,19,True,True,empty_output,Output deserialization failed: Expected token STRUCT:CLOSE but reached end of tokens
gradient,0,"{""op"": ""gradient"", ""var"": ""x"", ""expr"": {""numi"": {""terms"": [{""coeff"": -1, ""var"": {""x"": 5}}, {""coeff"": -2, ""var"": {""y"": 1}}]}, ""deno"": 1}}","{""gradient"": {""x"": {""numi"": {""terms"": [{""coeff"": -5, ""var"": {""x"": 4}}]}, ""deno"": 1}, ""y"": {""numi"": {""terms"": [{""coeff"": -2}]}, ""deno"": 1}}}",,,RULE_0,power_rule,gradient,unverified,False,32,,True,True,empty_output,Output deserialization failed: Expected token STRUCT:DENO but reached end of tokens
gradient,1,"{""op"": ""gradient"", ""var"": ""x"", ""expr"": {""numi"": {""terms"": [{""coeff"": -2, ""var"": {""x"": 3}}, {""coeff"": 5, ""var"": {""y"": 2}}]}, ""deno"": 1}}","{""gradient"": {""x"": {""numi"": {""terms"": [{""coeff"": -6, ""var"": {""x"": 2}}]}, ""deno"": 1}, ""y"": {""numi"": {""terms"": [{""coeff"": 10, ""var"": {""y"": 1}}]}, ""deno"": 1}}}",,,RULE_0,power_rule,gradient,unverified,False,32,,True,True,empty_output,Output deserialization failed: Expected token STRUCT:DENO but reached end of tokens
gradient,2,"{""op"": ""gradient"", ""var"": ""x"", ""expr"": {""numi"": {""terms"": [{""coeff"": 4, ""var"": {""x"": 2}}, {""coeff"": 10, ""var"": {""y"": 1}}]}, ""deno"": 1}}","{""gradient"": {""x"": {""numi"": {""terms"": [{""coeff"": 8, ""var"": {""x"": 1}}]}, ""deno"": 1}, ""y"": {""numi"": {""terms"": [{""coeff"": 10}]}, ""deno"": 1}}}",,,RULE_0,power_rule,gradient,unverified,False,32,,True,True,empty_output,Output deserialization failed: Expected token STRUCT:CLOSE but reached end of tokens
gradient,3,"{""op"": ""gradient"", ""var"": ""x"", ""expr"": {""numi"": {""terms"": [{""coeff"": 3, ""var"": {""x"": 3}}, {""coeff"": 4, ""var"": {""y"": 2}}]}, ""deno"": 1}}","{""gradient"": {""x"": {""numi"": {""terms"": [{""coeff"": 9, ""var"": {""x"": 2}}]}, ""deno"": 1}, ""y"": {""numi"": {""terms"": [{""coeff"": 8, ""var"": {""y"": 1}}]}, ""deno"": 1}}}",,,RULE_0,power_rule,gradient,unverified,False,32,,True,True,empty_output,Output deserialization failed: Expected token STRUCT:DENO but reached end of tokens
gradient,4,"{""op"": ""gradient"", ""var"": ""x"", ""expr"": {""numi"": {""terms"": [{""coeff"": -7, ""var"": {""x"": 1}}, {""coeff"": 12, ""var"": {""y"": 1}}]}, ""deno"": 1}}","{""gradient"": {""x"": {""numi"": {""terms"": [{""coeff"": -7}]}, ""deno"": 1}, ""y"": {""numi"": {""terms"": [{""coeff"": 12}]}, ""deno"": 1}}}",,,RULE_0,power_rule,gradient,unverified,False,32,,True,True,empty_output,Output deserialization failed: Expected token STRUCT:DENO but reached end of tokens
gradient,5,"{""op"": ""gradient"", ""var"": ""x"", ""expr"": {""numi"": {""terms"": [{""coeff"": -9, ""var"": {""x"": 1}}, {""coeff"": 1, ""var"": {""y"": 1}}]}, ""deno"": 1}}","{""gradient"": {""x"": {""numi"": {""terms"": [{""coeff"": -9}]}, ""deno"": 1}, ""y"": {""numi"": {""terms"": [{""coeff"": 1}]}, ""deno"": 1}}}",,,RULE_0,power_rule,gradient,unverified,False,32,,True,True,empty_output,Output deserialization failed: Expected token STRUCT:DENO but reached end of tokens
gradient,6,"{""op"": ""gradient"", ""var"": ""x"", ""expr"": {""numi"": {""terms"": [{""coeff"": 1, ""var"": {""x"": 4}}, {""coeff"": 6, ""var"": {""y"": 1}}]}, ""deno"": 1}}","{""gradient"": {""x"": {""numi"": {""terms"": [{""coeff"": 4, ""var"": {""x"": 3}}]}, ""deno"": 1}, ""y"": {""numi"": {""terms"": [{""coeff"": 6}]}, ""deno"": 1}}}",,,RULE_0,power_rule,gradient,unverified,False,32,,True,True,empty_output,Output deserialization failed: Expected token STRUCT:DENO but reached end of tokens
gradient,7,"{""op"": ""gradient"", ""var"": ""x"", ""expr"": {""numi"": {""terms"": [{""coeff"": -3, ""var"": {""x"": 1}}, {""coeff"": 4, ""var"": {""y"": 3}}]}, ""deno"": 1}}","{""gradient"": {""x"": {""numi"": {""terms"": [{""coeff"": -3}]}, ""deno"": 1}, ""y"": {""numi"": {""terms"": [{""coeff"": 12, ""var"": {""y"": 2}}]}, ""deno"": 1}}}",,,RULE_0,power_rule,gradient,unverified,False,32,,True,True,empty_output,Output deserialization failed: Expected token STRUCT:DENO but reached end of tokens
gradient,8,"{""op"": ""gradient"", ""var"": ""x"", ""expr"": {""numi"": {""terms"": [{""coeff"": 3, ""var"": {""x"": 3}}, {""coeff"": -3, ""var"": {""y"": 3}}]}, ""deno"": 1}}","{""gradient"": {""x"": {""numi"": {""terms"": [{""coeff"": 9, ""var"": {""x"": 2}}]}, ""deno"": 1}, ""y"": {""numi"": {""terms"": [{""coeff"": -9, ""var"": {""y"": 2}}]}, ""deno"": 1}}}",,,RULE_0,power_rule,gradient,unverified,False,32,,True,True,empty_output,Output deserialization failed: Expected token STRUCT:DENO but reached end of tokens
gradient,9,"{""op"": ""gradient"", ""var"": ""x"", ""expr"": {""numi"": {""terms"": [{""coeff"": 10, ""var"": {""x"": 1}}, {""coeff"": -8, ""var"": {""y"": 1}}]}, ""deno"": 1}}","{""gradient"": {""x"": {""numi"": {""terms"": [{""coeff"": 10}]}, ""deno"": 1}, ""y"": {""numi"": {""terms"": [{""coeff"": -8}]}, ""deno"": 1}}}",,,RULE_0,power_rule,gradient,unverified,False,32,,True,True,empty_output,Output deserialization failed: Expected token STRUCT:CLOSE but reached end of tokens
gradient,10,"{""op"": ""gradient"", ""var"": ""x"", ""expr"": {""numi"": {""terms"": [{""coeff"": -2, ""var"": {""x"": 5}}, {""coeff"": 2, ""var"": {""y"": 5}}]}, ""deno"": 1}}","{""gradient"": {""x"": {""numi"": {""terms"": [{""coeff"": -10, ""var"": {""x"": 4}}]}, ""deno"": 1}, ""y"": {""numi"": {""terms"": [{""coeff"": 10, ""var"": {""y"": 4}}]}, ""deno"": 1}}}",,,RULE_0,power_rule,gradient,unverified,False,32,,True,True,empty_output,Output deserialization failed: Expected token STRUCT:DENO but reached end of tokens
gradient,11,"{""op"": ""gradient"", ""var"": ""x"", ""expr"": {""numi"": {""terms"": [{""coeff"": 5, ""var"": {""x"": 1}}, {""coeff"": -1, ""var"": {""y"": 5}}]}, ""deno"": 1}}","{""gradient"": {""x"": {""numi"": {""terms"": [{""coeff"": 5}]}, ""deno"": 1}, ""y"": {""numi"": {""terms"": [{""coeff"": -5, ""var"": {""y"": 4}}]}, ""deno"": 1}}}",,,RULE_0,power_rule,gradient,unverified,False,32,,True,True,empty_output,Output deserialization failed: Expected token STRUCT:DENO but reached end of tokens
gradient,12,"{""op"": ""gradient"", ""var"": ""x"", ""expr"": {""numi"": {""terms"": [{""coeff"": -10, ""var"": {""x"": 1}}, {""coeff"": -8, ""var"": {""y"": 1}}]}, ""deno"": 1}}","{""gradient"": {""x"": {""numi"": {""terms"": [{""coeff"": -10}]}, ""deno"": 1}, ""y"": {""numi"": {""terms"": [{""coeff"": -8}]}, ""deno"": 1}}}",,,RULE_0,power_rule,gradient,unverified,False,32,,True,True,empty_output,Output deserialization failed: Expected token STRUCT:DENO but reached end of tokens
gradient,13,"{""op"": ""gradient"", ""var"": ""x"", ""expr"": {""numi"": {""terms"": [{""coeff"": -9, ""var"": {""x"": 1}}, {""coeff"": -1, ""var"": {""y"": 3}}]}, ""deno"": 1}}","{""gradient"": {""x"": {""numi"": {""terms"": [{""coeff"": -9}]}, ""deno"": 1}, ""y"": {""numi"": {""terms"": [{""coeff"": -3, ""var"": {""y"": 2}}]}, ""deno"": 1}}}",,,RULE_0,power_rule,gradient,unverified,False,32,,True,True,empty_output,Output deserialization failed: Expected token STRUCT:DENO but reached end of tokens
gradient,14,"{""op"": ""gradient"", ""var"": ""x"", ""expr"": {""numi"": {""terms"": [{""coeff"": -4, ""var"": {""x"": 2}}, {""coeff"": 6, ""var"": {""y"": 2}}]}, ""deno"": 1}}","{""gradient"": {""x"": {""numi"": {""terms"": [{""coeff"": -8, ""var"": {""x"": 1}}]}, ""deno"": 1}, ""y"": {""numi"": {""terms"": [{""coeff"": 12, ""var"": {""y"": 1}}]}, ""deno"": 1}}}",,,RULE_0,power_rule,gradient,unverified,False,32,,True,True,empty_output,Output deserialization failed: Expected token STRUCT:DENO but reached end of tokens
gradient,15,"{""op"": ""gradient"", ""var"": ""x"", ""expr"": {""numi"": {""terms"": [{""coeff"": -1, ""var"": {""x"": 5}}, {""coeff"": -9, ""var"": {""y"": 1}}]}, ""deno"": 1}}","{""gradient"": {""x"": {""numi"": {""terms"": [{""coeff"": -5, ""var"": {""x"": 4}}]}, ""deno"": 1}, ""y"": {""numi"": {""terms"": [{""coeff"": -9}]}, ""deno"": 1}}}",,,RULE_0,power_rule,gradient,unverified,False,32,,True,True,empty_output,Output deserialization failed: Expected token STRUCT:DENO but reached end of tokens
gradient,16,"{""op"": ""gradient"", ""var"": ""x"", ""expr"": {""numi"": {""terms"": [{""coeff"": 9, ""var"": {""x"": 1}}, {""coeff"": 1, ""var"": {""y"": 3}}]}, ""deno"": 1}}","{""gradient"": {""x"": {""numi"": {""terms"": [{""coeff"": 9}]}, ""deno"": 1}, ""y"": {""numi"": {""terms"": [{""coeff"": 3, ""var"": {""y"": 2}}]}, ""deno"": 1}}}",,,RULE_0,power_rule,gradient,unverified,False,32,,True,True,empty_output,Output deserialization failed: Expected token STRUCT:DENO but reached end of tokens
gradient,17,"{""op"": ""gradient"", ""var"": ""x"", ""expr"": {""numi"": {""terms"": [{""coeff"": -3, ""var"": {""x"": 3}}, {""coeff"": 4, ""var"": {""y"": 2}}]}, ""deno"": 1}}","{""gradient"": {""x"": {""numi"": {""terms"": [{""coeff"": -9, ""var"": {""x"": 2}}]}, ""deno"": 1}, ""y"": {""numi"": {""terms"": [{""coeff"": 8, ""var"": {""y"": 1}}]}, ""deno"": 1}}}",,,RULE_0,power_rule,gradient,unverified,False,32,,True,True,empty_output,Output deserialization failed: Expected token STRUCT:DENO but reached end of tokens
gradient,18,"{""op"": ""gradient"", ""var"": ""x"", ""expr"": {""numi"": {""terms"": [{""coeff"": -9, ""var"": {""x"": 1}}, {""coeff"": -5, ""var"": {""y"": 1}}]}, ""deno"": 1}}","{""gradient"": {""x"": {""numi"": {""terms"": [{""coeff"": -9}]}, ""deno"": 1}, ""y"": {""numi"": {""terms"": [{""coeff"": -5}]}, ""deno"": 1}}}",,,RULE_0,power_rule,gradient,unverified,False,32,,True,True,empty_output,Output deserialization failed: Expected token STRUCT:DENO but reached end of tokens
gradient,19,"{""op"": ""gradient"", ""var"": ""x"", ""expr"": {""numi"": {""terms"": [{""coeff"": -8, ""var"": {""x"": 1}}, {""coeff"": 3, ""var"": {""y"": 1}}]}, ""deno"": 1}}","{""gradient"": {""x"": {""numi"": {""terms"": [{""coeff"": -8}]}, ""deno"": 1}, ""y"": {""numi"": {""terms"": [{""coeff"": 3}]}, ""deno"": 1}}}",,,RULE_0,power_rule,gradient,unverified,False,32,,True,True,empty_output,Output deserialization failed: Expected token STRUCT:DENO but reached end of tokens
gradient,20,"{""op"": ""gradient"", ""var"": ""x"", ""expr"": {""numi"": {""terms"": [{""coeff"": -2, ""var"": {""x"": 2}}, {""coeff"": -1, ""var"": {""y"": 2}}]}, ""deno"": 1}}","{""gradient"": {""x"": {""numi"": {""terms"": [{""coeff"": -4, ""var"": {""x"": 1}}]}, ""deno"": 1}, ""y"": {""numi"": {""terms"": [{""coeff"": -2, ""var"": {""y"": 1}}]}, ""deno"": 1}}}",,,RULE_0,power_rule,gradient,unverified,False,32,,True,True,empty_output,Output deserialization failed: Expected token STRUCT:DENO but reached end of tokens
gradient,21,"{""op"": ""gradient"", ""var"": ""x"", ""expr"": {""numi"": {""terms"": [{""coeff"": 5, ""var"": {""x"": 1}}, {""coeff"": -1, ""var"": {""y"": 2}}]}, ""deno"": 1}}","{""gradient"": {""x"": {""numi"": {""terms"": [{""coeff"": 5}]}, ""deno"": 1}, ""y"": {""numi"": {""terms"": [{""coeff"": -2, ""var"": {""y"": 1}}]}, ""deno"": 1}}}",,,RULE_0,power_rule,gradient,unverified,False,32,,True,True,empty_output,Output deserialization failed: Expected token STRUCT:DENO but reached end of tokens
gradient,22,"{""op"": ""gradient"", ""var"": ""x"", ""expr"": {""numi"": {""terms"": [{""coeff"": -1, ""var"": {""x"": 3}}, {""coeff"": -2, ""var"": {""y"": 4}}]}, ""deno"": 1}}","{""gradient"": {""x"": {""numi"": {""terms"": [{""coeff"": -3, ""var"": {""x"": 2}}]}, ""deno"": 1}, ""y"": {""numi"": {""terms"": [{""coeff"": -8, ""var"": {""y"": 3}}]}, ""deno"": 1}}}",,,RULE_0,power_rule,gradient,unverified,False,32,,True,True,empty_output,Output deserialization failed: Expected token STRUCT:DENO but reached end of tokens
gradient,23,"{""op"": ""gradient"", ""var"": ""x"", ""expr"": {""numi"": {""terms"": [{""coeff"": 8, ""var"": {""x"": 1}}, {""coeff"": 12, ""var"": {""y"": 1}}]}, ""deno"": 1}}","{""gradient"": {""x"": {""numi"": {""terms"": [{""coeff"": 8}]}, ""deno"": 1}, ""y"": {""numi"": {""terms"": [{""coeff"": 12}]}, ""deno"": 1}}}",,,RULE_0,power_rule,gradient,unverified,False,32,,True,True,empty_output,Output deserialization failed: Expected token STRUCT:DENO but reached end of tokens
gradient,24,"{""op"": ""gradient"", ""var"": ""x"", ""expr"": {""numi"": {""terms"": [{""coeff"": 3, ""var"": {""x"": 1}}, {""coeff"": -8, ""var"": {""y"": 1}}]}, ""deno"": 1}}","{""gradient"": {""x"": {""numi"": {""terms"": [{""coeff"": 3}]}, ""deno"": 1}, ""y"": {""numi"": {""terms"": [{""coeff"": -8}]}, ""deno"": 1}}}",,,RULE_0,power_rule,gradient,unverified,False,32,,True,True,empty_output,Output deserialization failed: Expected token STRUCT:DENO but reached end of tokens
gradient,25,"{""op"": ""gradient"", ""var"": ""x"", ""expr"": {""numi"": {""terms"": [{""coeff"": -3, ""var"": {""x"": 3}}, {""coeff"": -1, ""var"": {""y"": 5}}]}, ""deno"": 1}}","{""gradient"": {""x"": {""numi"": {""terms"": [{""coeff"": -9, ""var"": {""x"": 2}}]}, ""deno"": 1}, ""y"": {""numi"": {""terms"": [{""coeff"": -5, ""var"": {""y"": 4}}]}, ""deno"": 1}}}",,,RULE_0,power_rule,gradient,unverified,False,32,,True,True,empty_output,Output deserialization failed: Expected token STRUCT:DENO but reached end of tokens
gradient,26,"{""op"": ""gradient"", ""var"": ""x"", ""expr"": {""numi"": {""terms"": [{""coeff"": 5, ""var"": {""x"": 2}}, {""coeff"": 2, ""var"": {""y"": 3}}]}, ""deno"": 1}}","{""gradient"": {""x"": {""numi"": {""terms"": [{""coeff"": 10, ""var"": {""x"": 1}}]}, ""deno"": 1}, ""y"": {""numi"": {""terms"": [{""coeff"": 6, ""var"": {""y"": 2}}]}, ""deno"": 1}}}",,,RULE_0,power_rule,gradient,unverified,False,32,,True,True,empty_output,Output deserialization failed: Expected token STRUCT:DENO but reached end of tokens
gradient,27,"{""op"": ""gradient"", ""var"": ""x"", ""expr"": {""numi"": {""terms"": [{""coeff"": 4, ""var"": {""x"": 2}}, {""coeff"": 3, ""var"": {""y"": 4}}]}, ""deno"": 1}}","{""gradient"": {""x"": {""numi"": {""terms"": [{""coeff"": 8, ""var"": {""x"": 1}}]}, ""deno"": 1}, ""y"": {""numi"": {""terms"": [{""coeff"": 12, ""var"": {""y"": 3}}]}, ""deno"": 1}}}",,,RULE_0,power_rule,gradient,unverified,False,32,,True,True,empty_output,Output deserialization failed: Expected token STRUCT:DENO but reached end of tokens
gradient,28,"{""op"": ""gradient"", ""var"": ""x"", ""expr"": {""numi"": {""terms"": [{""coeff"": -3, ""var"": {""x"": 1}}, {""coeff"": 1, ""var"": {""y"": 1}}]}, ""deno"": 1}}","{""gradient"": {""x"": {""numi"": {""terms"": [{""coeff"": -3}]}, ""deno"": 1}, ""y"": {""numi"": {""terms"": [{""coeff"": 1}]}, ""deno"": 1}}}",,,RULE_0,power_rule,gradient,unverified,False,32,,True,True,empty_output,Output deserialization failed: Expected token STRUCT:DENO but reached end of tokens
gradient,29,"{""op"": ""gradient"", ""var"": ""x"", ""expr"": {""numi"": {""terms"": [{""coeff"": 5, ""var"": {""x"": 1}}, {""coeff"": -2, ""var"": {""y"": 1}}]}, ""deno"": 1}}","{""gradient"": {""x"": {""numi"": {""terms"": [{""coeff"": 5}]}, ""deno"": 1}, ""y"": {""numi"": {""terms"": [{""coeff"": -2}]}, ""deno"": 1}}}",,,RULE_0,power_rule,gradient,unverified,False,32,,True,True,empty_output,Output deserialization failed: Expected token STRUCT:DENO but reached end of tokens
gradient,30,"{""op"": ""gradient"", ""var"": ""x"", ""expr"": {""numi"": {""terms"": [{""coeff"": 3, ""var"": {""x"": 1}}, {""coeff"": 5, ""var"": {""y"": 1}}]}, ""deno"": 1}}","{""gradient"": {""x"": {""numi"": {""terms"": [{""coeff"": 3}]}, ""deno"": 1}, ""y"": {""numi"": {""terms"": [{""coeff"": 5}]}, ""deno"": 1}}}",,,RULE_0,power_rule,gradient,unverified,False,32,,True,True,empty_output,Output deserialization failed: Expected token STRUCT:DENO but reached end of tokens
gradient,31,"{""op"": ""gradient"", ""var"": ""x"", ""expr"": {""numi"": {""terms"": [{""coeff"": 2, ""var"": {""x"": 4}}, {""coeff"": -4, ""var"": {""y"": 2}}]}, ""deno"": 1}}","{""gradient"": {""x"": {""numi"": {""terms"": [{""coeff"": 8, ""var"": {""x"": 3}}]}, ""deno"": 1}, ""y"": {""numi"": {""terms"": [{""coeff"": -8, ""var"": {""y"": 1}}]}, ""deno"": 1}}}",,,RULE_0,power_rule,gradient,unverified,False,32,,True,True,empty_output,Output deserialization failed: Expected token STRUCT:DENO but reached end of tokens
gradient,32,"{""op"": ""gradient"", ""var"": ""x"", ""expr"": {""numi"": {""terms"": [{""coeff"": 1, ""var"": {""x"": 5}}, {""coeff"": -9, ""var"": {""y"": 1}}]}, ""deno"": 1}}","{""gradient"": {""x"": {""numi"": {""terms"": [{""coeff"": 5, ""var"": {""x"": 4}}]}, ""deno"": 1}, ""y"": {""numi"": {""terms"": [{""coeff"": -9}]}, ""deno"": 1}}}",,,RULE_0,power_rule,gradient,unverified,False,32,,True,True,empty_output,Output deserialization failed: Expected token STRUCT:DENO but reached end of tokens
gradient,33,"{""op"": ""gradient"", ""var"": ""x"", ""expr"": {""numi"": {""terms"": [{""coeff"": 4, ""var"": {""x"": 2}}, {""coeff"": 6, ""var"": {""y"": 1}}]}, ""deno"": 1}}","{""gradient"": {""x"": {""numi"": {""terms"": [{""coeff"": 8, ""var"": {""x"": 1}}]}, ""deno"": 1}, ""y"": {""numi"": {""terms"": [{""coeff"": 6}]}, ""deno"": 1}}}",,,RULE_0,power_rule,gradient,unverified,False,32,,True,True,empty_output,Output deserialization failed: Expected token STRUCT:DENO but reached end of tokens
gradient,34,"{""op"": ""gradient"", ""var"": ""x"", ""expr"": {""numi"": {""terms"": [{""coeff"": 3, ""var"": {""x"": 1}}, {""coeff"": 4, ""var"": {""y"": 3}}]}, ""deno"": 1}}","{""gradient"": {""x"": {""numi"": {""terms"": [{""coeff"": 3}]}, ""deno"": 1}, ""y"": {""numi"": {""terms"": [{""coeff"": 12, ""var"": {""y"": 2}}]}, ""deno"": 1}}}",,,RULE_0,power_rule,gradient,unverified,False,32,,True,True,empty_output,Output deserialization failed: Expected token STRUCT:DENO but reached end of tokens
gradient,35,"{""op"": ""gradient"", ""var"": ""x"", ""expr"": {""numi"": {""terms"": [{""coeff"": -3, ""var"": {""x"": 3}}, {""coeff"": 3, ""var"": {""y"": 1}}]}, ""deno"": 1}}","{""gradient"": {""x"": {""numi"": {""terms"": [{""coeff"": -9, ""var"": {""x"": 2}}]}, ""deno"": 1}, ""y"": {""numi"": {""terms"": [{""coeff"": 3}]}, ""deno"": 1}}}",,,RULE_0,power_rule,gradient,unverified,False,32,,True,True,empty_output,Output deserialization failed: Expected token STRUCT:DENO but reached end of tokens
gradient,36,"{""op"": ""gradient"", ""var"": ""x"", ""expr"": {""numi"": {""terms"": [{""coeff"": -1, ""var"": {""x"": 1}}, {""coeff"": 3, ""var"": {""y"": 2}}]}, ""deno"": 1}}","{""gradient"": {""x"": {""numi"": {""terms"": [{""coeff"": -1}]}, ""deno"": 1}, ""y"": {""numi"": {""terms"": [{""coeff"": 6, ""var"": {""y"": 1}}]}, ""deno"": 1}}}",,,RULE_0,power_rule,gradient,unverified,False,32,,True,True,empty_output,Output deserialization failed: Expected token STRUCT:DENO but reached end of tokens
gradient,37,"{""op"": ""gradient"", ""var"": ""x"", ""expr"": {""numi"": {""terms"": [{""coeff"": -2, ""var"": {""x"": 3}}, {""coeff"": -5, ""var"": {""y"": 2}}]}, ""deno"": 1}}","{""gradient"": {""x"": {""numi"": {""terms"": [{""coeff"": -6, ""var"": {""x"": 2}}]}, ""deno"": 1}, ""y"": {""numi"": {""terms"": [{""coeff"": -10, ""var"": {""y"": 1}}]}, ""deno"": 1}}}",,,RULE_0,power_rule,gradient,unverified,False,32,,True,True,empty_output,Output deserialization failed: Expected token STRUCT:DENO but reached end of tokens
gradient,38,"{""op"": ""gradient"", ""var"": ""x"", ""expr"": {""numi"": {""terms"": [{""coeff"": 1, ""var"": {""x"": 5}}, {""coeff"": 8, ""var"": {""y"": 1}}]}, ""deno"": 1}}","{""gradient"": {""x"": {""numi"": {""terms"": [{""coeff"": 5, ""var"": {""x"": 4}}]}, ""deno"": 1}, ""y"": {""numi"": {""terms"": [{""coeff"": 8}]}, ""deno"": 1}}}",,,RULE_0,power_rule,gradient,unverified,False,32,,True,True,empty_output,Output deserialization failed: Expected token STRUCT:DENO but reached end of tokens
gradient,39,"{""op"": ""gradient"", ""var"": ""x"", ""expr"": {""numi"": {""terms"": [{""coeff"": 2, ""var"": {""x"": 2}}, {""coeff"": -6, ""var"": {""y"": 1}}]}, ""deno"": 1}}","{""gradient"": {""x"": {""numi"": {""terms"": [{""coeff"": 4, ""var"": {""x"": 1}}]}, ""deno"": 1}, ""y"": {""numi"": {""terms"": [{""coeff"": -6}]}, ""deno"": 1}}}",,,RULE_0,power_rule,gradient,unverified,False,32,,True,True,empty_output,Output deserialization failed: Expected token STRUCT:DENO but reached end of tokens
gradient,40,"{""op"": ""gradient"", ""var"": ""x"", ""expr"": {""numi"": {""terms"": [{""coeff"": -7, ""var"": {""x"": 1}}, {""coeff"": -1, ""var"": {""y"": 5}}]}, ""deno"": 1}}","{""gradient"": {""x"": {""numi"": {""terms"": [{""coeff"": -7}]}, ""deno"": 1}, ""y"": {""numi"": {""terms"": [{""coeff"": -5, ""var"": {""y"": 4}}]}, ""deno"": 1}}}",,,RULE_0,power_rule,gradient,unverified,False,32,,True,True,empty_output,Output deserialization failed: Expected token STRUCT:DENO but reached end of tokens
gradient,41,"{""op"": ""gradient"", ""var"": ""x"", ""expr"": {""numi"": {""terms"": [{""coeff"": 10, ""var"": {""x"": 1}}, {""coeff"": -2, ""var"": {""y"": 1}}]}, ""deno"": 1}}","{""gradient"": {""x"": {""numi"": {""terms"": [{""coeff"": 10}]}, ""deno"": 1}, ""y"": {""numi"": {""terms"": [{""coeff"": -2}]}, ""deno"": 1}}}",,,RULE_0,power_rule,gradient,unverified,False,32,,True,True,empty_output,Output deserialization failed: Expected token STRUCT:CLOSE but reached end of tokens
gradient,42,"{""op"": ""gradient"", ""var"": ""x"", ""expr"": {""numi"": {""terms"": [{""coeff"": -4, ""var"": {""x"": 2}}, {""coeff"": 7, ""var"": {""y"": 1}}]}, ""deno"": 1}}","{""gradient"": {""x"": {""numi"": {""terms"": [{""coeff"": -8, ""var"": {""x"": 1}}]}, ""deno"": 1}, ""y"": {""numi"": {""terms"": [{""coeff"": 7}]}, ""deno"": 1}}}",,,RULE_0,power_rule,gradient,unverified,False,32,,True,True,empty_output,Output deserialization failed: Expected token STRUCT:DENO but reached end of tokens
gradient,43,"{""op"": ""gradient"", ""var"": ""x"", ""expr"": {""numi"": {""terms"": [{""coeff"": -2, ""var"": {""x"": 3}}, {""coeff"": -1, ""var"": {""y"": 5}}]}, ""deno"": 1}}","{""gradient"": {""x"": {""numi"": {""terms"": [{""coeff"": -6, ""var"": {""x"": 2}}]}, ""deno"": 1}, ""y"": {""numi"": {""terms"": [{""coeff"": -5, ""var"": {""y"": 4}}]}, ""deno"": 1}}}",,,RULE_0,power_rule,gradient,unverified,False,32,,True,True,empty_output,Output deserialization failed: Expected token STRUCT:DENO but reached end of tokens
gradient,44,"{""op"": ""gradient"", ""var"": ""x"", ""expr"": {""numi"": {""terms"": [{""coeff"": 7, ""var"": {""x"": 1}}, {""coeff"": -1, ""var"": {""y"": 3}}]}, ""deno"": 1}}","{""gradient"": {""x"": {""numi"": {""terms"": [{""coeff"": 7}]}, ""deno"": 1}, ""y"": {""numi"": {""terms"": [{""coeff"": -3, ""var"": {""y"": 2}}]}, ""deno"": 1}}}",,,RULE_0,power_rule,gradient,unverified,False,32,,True,True,empty_output,Output deserialization failed: Expected token STRUCT:DENO but reached end of tokens
gradient,45,"{""op"": ""gradient"", ""var"": ""x"", ""expr"": {""numi"": {""terms"": [{""coeff"": -8, ""var"": {""x"": 1}}, {""coeff"": 9, ""var"": {""y"": 1}}]}, ""deno"": 1}}","{""gradient"": {""x"": {""numi"": {""terms"": [{""coeff"": -8}]}, ""deno"": 1}, ""y"": {""numi"": {""terms"": [{""coeff"": 9}]}, ""deno"": 1}}}",,,RULE_0,power_rule,gradient,unverified,False,32,,True,True,empty_output,Output deserialization failed: Expected token STRUCT:DENO but reached end of tokens
gradient,46,"{""op"": ""gradient"", ""var"": ""x"", ""expr"": {""numi"": {""terms"": [{""coeff"": 2, ""var"": {""x"": 5}}, {""coeff"": -1, ""var"": {""y"": 3}}]}, ""deno"": 1}}","{""gradient"": {""x"": {""numi"": {""terms"": [{""coeff"": 10, ""var"": {""x"": 4}}]}, ""deno"": 1}, ""y"": {""numi"": {""terms"": [{""coeff"": -3, ""var"": {""y"": 2}}]}, ""deno"": 1}}}",,,RULE_0,power_rule,gradient,unverified,False,32,,True,True,empty_output,Output deserialization failed: Expected token STRUCT:DENO but reached end of tokens
gradient,47,"{""op"": ""gradient"", ""var"": ""x"", ""expr"": {""numi"": {""terms"": [{""coeff"": 2, ""var"": {""x"": 2}}, {""coeff"": 10, ""var"": {""y"": 1}}]}, ""deno"": 1}}","{""gradient"": {""x"": {""numi"": {""terms"": [{""coeff"": 4, ""var"": {""x"": 1}}]}, ""deno"": 1}, ""y"": {""numi"": {""terms"": [{""coeff"": 10}]}, ""deno"": 1}}}",,,RULE_0,power_rule,gradient,unverified,False,32,,True,True,empty_output,Output deserialization failed: Expected token STRUCT:CLOSE but reached end of tokens
gradient,48,"{""op"": ""gradient"", ""var"": ""x"", ""expr"": {""numi"": {""terms"": [{""coeff"": -2, ""var"": {""x"": 3}}, {""coeff"": -1, ""var"": {""y"": 3}}]}, ""deno"": 1}}","{""gradient"": {""x"": {""numi"": {""terms"": [{""coeff"": -6, ""var"": {""x"": 2}}]}, ""deno"": 1}, ""y"": {""numi"": {""terms"": [{""coeff"": -3, ""var"": {""y"": 2}}]}, ""deno"": 1}}}",,,RULE_0,power_rule,gradient,unverified,False,32,,True,True,empty_output,Output deserialization failed: Expected token STRUCT:DENO but reached end of tokens
gradient,49,"{""op"": ""gradient"", ""var"": ""x"", ""expr"": {""numi"": {""terms"": [{""coeff"": 1, ""var"": {""x"": 5}}, {""coeff"": -9, ""var"": {""y"": 1}}]}, ""deno"": 1}}","{""gradient"": {""x"": {""numi"": {""terms"": [{""coeff"": 5, ""var"": {""x"": 4}}]}, ""deno"": 1}, ""y"": {""numi"": {""terms"": [{""coeff"": -9}]}, ""deno"": 1}}}",,,RULE_0,power_rule,gradient,unverified,False,32,,True,True,empty_output,Output deserialization failed: Expected token STRUCT:DENO but reached end of tokens
tangent_line,0,"{""op"": ""tangent_line"", ""var"": ""x"", ""expr"": {""numi"": {""terms"": [{""coeff"": -2, ""var"": {""x"": 4}}]}, ""deno"": 1}, ""point"": {""x"": 2}}","{""numi"": {""terms"": [{""coeff"": -64.0, ""var"": {""x"": 1}}, {""coeff"": 96.0}]}, ""deno"": 1}",,,RULE_0,power_rule,tangent_line,unverified,False,32,19,True,True,empty_output,Output deserialization failed: Expected token STRUCT:DENO but reached end of tokens
tangent_line,1,"{""op"": ""tangent_line"", ""var"": ""x"", ""expr"": {""numi"": {""terms"": [{""coeff"": 9, ""var"": {""x"": 1}}]}, ""deno"": 1}, ""point"": {""x"": 1}}","{""numi"": {""terms"": [{""coeff"": 9.0, ""var"": {""x"": 1}}, {""coeff"": 0.0}]}, ""deno"": 1}",,,RULE_0,power_rule,tangent_line,unverified,False,32,19,True,True,empty_output,Output deserialization failed: Expected token STRUCT:DENO but reached end of tokens
tangent_line,2,"{""op"": ""tangent_line"", ""var"": ""x"", ""expr"": {""numi"": {""terms"": [{""coeff"": -1, ""var"": {""x"": 1}}]}, ""deno"": 1}, ""point"": {""x"": 1}}","{""numi"": {""terms"": [{""coeff"": -1.0, ""var"": {""x"": 1}}, {""coeff"": 0.0}]}, ""deno"": 1}",,,RULE_0,power_rule,tangent_line,unverified,False,32,19,True,True,empty_output,Output deserialization failed: Expected token STRUCT:DENO but reached end of tokens
tangent_line,3,"{""op"": ""tangent_line"", ""var"": ""x"", ""expr"": {""numi"": {""terms"": [{""coeff"": 1, ""var"": {""x"": 4}}]}, ""deno"": 1}, ""point"": {""x"": 3}}","{""numi"": {""terms"": [{""coeff"": 108.0, ""var"": {""x"": 1}}, {""coeff"": -243.0}]}, ""deno"": 1}",,,RULE_0,power_rule,tangent_line,unverified,False,32,19,True,True,empty_output,Output deserialization failed: Expected token STRUCT:DENO but reached end of tokens
tangent_line,4,"{""op"": ""tangent_line"", ""var"": ""x"", ""expr"": {""numi"": {""terms"": [{""coeff"": -1, ""var"": {""x"": 3}}]}, ""deno"": 1}, ""point"": {""x"": 2}}","{""numi"": {""terms"": [{""coeff"": -12.0, ""var"": {""x"": 1}}, {""coeff"": 16.0}]}, ""deno"": 1}",,,RULE_0,power_rule,tangent_line,unverified,False,32,19,True,True,empty_output,Output deserialization failed: Expected token STRUCT:DENO but reached end of tokens
tangent_line,5,"{""op"": ""tangent_line"", ""var"": ""x"", ""expr"": {""numi"": {""terms"": [{""coeff"": 6, ""var"": {""x"": 1}}]}, ""deno"": 1}, ""point"": {""x"": 2}}","{""numi"": {""terms"": [{""coeff"": 6.0, ""var"": {""x"": 1}}, {""coeff"": 0.0}]}, ""deno"": 1}",,,RULE_0,power_rule,tangent_line,unverified,False,32,19,True,True,empty_output,Output deserialization failed: Expected token STRUCT:DENO but reached end of tokens
tangent_line,6,"{""op"": ""tangent_line"", ""var"": ""x"", ""expr"": {""numi"": {""terms"": [{""coeff"": 2, ""var"": {""x"": 5}}]}, ""deno"": 1}, ""point"": {""x"": 2}}","{""numi"": {""terms"": [{""coeff"": 160.0, ""var"": {""x"": 1}}, {""coeff"": -256.0}]}, ""deno"": 1}",,,RULE_0,power_rule,tangent_line,unverified,False,32,19,True,True,empty_output,Output deserialization failed: Expected token STRUCT:DENO but reached end of tokens
tangent_line,7,"{""op"": ""tangent_line"", ""var"": ""x"", ""expr"": {""numi"": {""terms"": [{""coeff"": 2, ""var"": {""x"": 3}}]}, ""deno"": 1}, ""point"": {""x"": -1}}","{""numi"": {""terms"": [{""coeff"": 6.0, ""var"": {""x"": 1}}, {""coeff"": 4.0}]}, ""deno"": 1}",,,RULE_0,power_rule,tangent_line,unverified,False,32,19,True,True,empty_output,Output deserialization failed: Expected token STRUCT:DENO but reached end of tokens
tangent_line,8,"{""op"": ""tangent_line"", ""var"": ""x"", ""expr"": {""numi"": {""terms"": [{""coeff"": 5, ""var"": {""x"": 2}}]}, ""deno"": 1}, ""point"": {""x"": 3}}","{""numi"": {""terms"": [{""coeff"": 30.0, ""var"": {""x"": 1}}, {""coeff"": -45.0}]}, ""deno"": 1}",,,RULE_0,power_rule,tangent_line,unverified,False,32,19,True,True,empty_output,Output deserialization failed: Expected token STRUCT:DENO but reached end of tokens
tangent_line,9,"{""op"": ""tangent_line"", ""var"": ""x"", ""expr"": {""numi"": {""terms"": [{""coeff"": -2, ""var"": {""x"": 5}}]}, ""deno"": 1}, ""point"": {""x"": -1}}","{""numi"": {""terms"": [{""coeff"": -10.0, ""var"": {""x"": 1}}, {""coeff"": -8.0}]}, ""deno"": 1}",,,RULE_0,power_rule,tangent_line,unverified,False,32,19,True,True,empty_output,Output deserialization failed: Expected token STRUCT:DENO but reached end of tokens
tangent_line,10,"{""op"": ""tangent_line"", ""var"": ""x"", ""expr"": {""numi"": {""terms"": [{""coeff"": 10, ""var"": {""x"": 1}}]}, ""deno"": 1}, ""point"": {""x"": -2}}","{""numi"": {""terms"": [{""coeff"": 10.0, ""var"": {""x"": 1}}, {""coeff"": 0.0}]}, ""deno"": 1}",,,RULE_0,power_rule,tangent_line,unverified,False,32,19,True,True,empty_output,Output deserialization failed: Expected token STRUCT:DENO but reached end of tokens
tangent_line,11,"{""op"": ""tangent_line"", ""var"": ""x"", ""expr"": {""numi"": {""terms"": [{""coeff"": 2, ""var"": {""x"": 3}}]}, ""deno"": 1}, ""point"": {""x"": -1}}","{""numi"": {""terms"": [{""coeff"": 6.0, ""var"": {""x"": 1}}, {""coeff"": 4.0}]}, ""deno"": 1}",,,RULE_0,power_rule,tangent_line,unverified,False,32,19,True,True,empty_output,Output deserialization failed: Expected token STRUCT:DENO but reached end of tokens
tangent_line,12,"{""op"": ""tangent_line"", ""var"": ""x"", ""expr"": {""numi"": {""terms"": [{""coeff"": 2, ""var"": {""x"": 1}}]}, ""deno"": 1}, ""point"": {""x"": 1}}","{""numi"": {""terms"": [{""coeff"": 2.0, ""var"": {""x"": 1}}, {""coeff"": 0.0}]}, ""deno"": 1}",,,RULE_0,power_rule,tangent_line,unverified,False,32,19,True,True,empty_output,Output deserialization failed: Expected token STRUCT:DENO but reached end of tokens
tangent_line,13,"{""op"": ""tangent_line"", ""var"": ""x"", ""expr"": {""numi"": {""terms"": [{""coeff"": 2, ""var"": {""x"": 5}}]}, ""deno"": 1}, ""point"": {""x"": -1}}","{""numi"": {""terms"": [{""coeff"": 10.0, ""var"": {""x"": 1}}, {""coeff"": 8.0}]}, ""deno"": 1}",,,RULE_0,power_rule,tangent_line,unverified,False,32,19,True,True,empty_output,Output deserialization failed: Expected token STRUCT:DENO but reached end of tokens
tangent_line,14,"{""op"": ""tangent_line"", ""var"": ""x"", ""expr"": {""numi"": {""terms"": [{""coeff"": 1, ""var"": {""x"": 4}}]}, ""deno"": 1}, ""point"": {""x"": 1}}","{""numi"": {""terms"": [{""coeff"": 4.0, ""var"": {""x"": 1}}, {""coeff"": -3.0}]}, ""deno"": 1}",,,RULE_0,power_rule,tangent_line,unverified,False,32,19,True,True,empty_output,Output deserialization failed: Expected token STRUCT:DENO but reached end of tokens
tangent_line,15,"{""op"": ""tangent_line"", ""var"": ""x"", ""expr"": {""numi"": {""terms"": [{""coeff"": -2, ""var"": {""x"": 1}}]}, ""deno"": 1}, ""point"": {""x"": 1}}","{""numi"": {""terms"": [{""coeff"": -2.0, ""var"": {""x"": 1}}, {""coeff"": 0.0}]}, ""deno"": 1}",,,RULE_0,power_rule,tangent_line,unverified,False,32,19,True,True,empty_output,Output deserialization failed: Expected token STRUCT:DENO but reached end of tokens
tangent_line,16,"{""op"": ""tangent_line"", ""var"": ""x"", ""expr"": {""numi"": {""terms"": [{""coeff"": -10, ""var"": {""x"": 1}}]}, ""deno"": 1}, ""point"": {""x"": 1}}","{""numi"": {""terms"": [{""coeff"": -10.0, ""var"": {""x"": 1}}, {""coeff"": 0.0}]}, ""deno"": 1}",,,RULE_0,power_rule,tangent_line,unverified,False,32,19,True,True,empty_output,Output deserialization failed: Expected token STRUCT:DENO but reached end of tokens
tangent_line,17,"{""op"": ""tangent_line"", ""var"": ""x"", ""expr"": {""numi"": {""terms"": [{""coeff"": 10, ""var"": {""x"": 1}}]}, ""deno"": 1}, ""point"": {""x"": -2}}","{""numi"": {""terms"": [{""coeff"": 10.0, ""var"": {""x"": 1}}, {""coeff"": 0.0}]}, ""deno"": 1}",,,RULE_0,power_rule,tangent_line,unverified,False,32,19,True,True,empty_output,Output deserialization failed: Expected token STRUCT:DENO but reached end of tokens
tangent_line,18,"{""op"": ""tangent_line"", ""var"": ""x"", ""expr"": {""numi"": {""terms"": [{""coeff"": -3, ""var"": {""x"": 2}}]}, ""deno"": 1}, ""point"": {""x"": -1}}","{""numi"": {""terms"": [{""coeff"": 6.0, ""var"": {""x"": 1}}, {""coeff"": 3.0}]}, ""deno"": 1}",,,RULE_0,power_rule,tangent_line,unverified,False,32,19,True,True,empty_output,Output deserialization failed: Expected token STRUCT:DENO but reached end of tokens
tangent_line,19,"{""op"": ""tangent_line"", ""var"": ""x"", ""expr"": {""numi"": {""terms"": [{""coeff"": -1, ""var"": {""x"": 4}}]}, ""deno"": 1}, ""point"": {""x"": -2}}","{""numi"": {""terms"": [{""coeff"": 32.0, ""var"": {""x"": 1}}, {""coeff"": 48.0}]}, ""deno"": 1}",,,RULE_0,power_rule,tangent_line,unverified,False,32,19,True,True,empty_output,Output deserialization failed: Expected token STRUCT:DENO but reached end of tokens
tangent_line,20,"{""op"": ""tangent_line"", ""var"": ""x"", ""expr"": {""numi"": {""terms"": [{""coeff"": -10, ""var"": {""x"": 1}}]}, ""deno"": 1}, ""point"": {""x"": 2}}","{""numi"": {""terms"": [{""coeff"": -10.0, ""var"": {""x"": 1}}, {""coeff"": 0.0}]}, ""deno"": 1}",,,RULE_0,power_rule,tangent_line,unverified,False,32,19,True,True,empty_output,Output deserialization failed: Expected token STRUCT:DENO but reached end of tokens
tangent_line,21,"{""op"": ""tangent_line"", ""var"": ""x"", ""expr"": {""numi"": {""terms"": [{""coeff"": 12, ""var"": {""x"": 1}}]}, ""deno"": 1}, ""point"": {""x"": 3}}","{""numi"": {""terms"": [{""coeff"": 12.0, ""var"": {""x"": 1}}, {""coeff"": 0.0}]}, ""deno"": 1}",,,RULE_0,power_rule,tangent_line,unverified,False,32,19,True,True,empty_output,Output deserialization failed: Expected token STRUCT:DENO but reached end of tokens
tangent_line,22,"{""op"": ""tangent_line"", ""var"": ""x"", ""expr"": {""numi"": {""terms"": [{""coeff"": 1, ""var"": {""x"": 4}}]}, ""deno"": 1}, ""point"": {""x"": 2}}","{""numi"": {""terms"": [{""coeff"": 32.0, ""var"": {""x"": 1}}, {""coeff"": -48.0}]}, ""deno"": 1}",,,RULE_0,power_rule,tangent_line,unverified,False,32,19,True,True,empty_output,Output deserialization failed: Expected token STRUCT:DENO but reached end of tokens
tangent_line,23,"{""op"": ""tangent_line"", ""var"": ""x"", ""expr"": {""numi"": {""terms"": [{""coeff"": -1, ""var"": {""x"": 3}}]}, ""deno"": 1}, ""point"": {""x"": 1}}","{""numi"": {""terms"": [{""coeff"": -3.0, ""var"": {""x"": 1}}, {""coeff"": 2.0}]}, ""deno"": 1}",,,RULE_0,power_rule,tangent_line,unverified,False,32,19,True,True,empty_output,Output deserialization failed: Expected token STRUCT:DENO but reached end of tokens
tangent_line,24,"{""op"": ""tangent_line"", ""var"": ""x"", ""expr"": {""numi"": {""terms"": [{""coeff"": 6, ""var"": {""x"": 2}}]}, ""deno"": 1}, ""point"": {""x"": 1}}","{""numi"": {""terms"": [{""coeff"": 12.0, ""var"": {""x"": 1}}, {""coeff"": -6.0}]}, ""deno"": 1}",,,RULE_0,power_rule,tangent_line,unverified,False,32,19,True,True,empty_output,Output deserialization failed: Expected token STRUCT:DENO but reached end of tokens
tangent_line,25,"{""op"": ""tangent_line"", ""var"": ""x"", ""expr"": {""numi"": {""terms"": [{""coeff"": 8, ""var"": {""x"": 1}}]}, ""deno"": 1}, ""point"": {""x"": 3}}","{""numi"": {""terms"": [{""coeff"": 8.0, ""var"": {""x"": 1}}, {""coeff"": 0.0}]}, ""deno"": 1}",,,RULE_0,power_rule,tangent_line,unverified,False,32,19,True,True,empty_output,Output deserialization failed: Expected token STRUCT:DENO but reached end of tokens
tangent_line,26,"{""op"": ""tangent_line"", ""var"": ""x"", ""expr"": {""numi"": {""terms"": [{""coeff"": 2, ""var"": {""x"": 3}}]}, ""deno"": 1}, ""point"": {""x"": -1}}","{""numi"": {""terms"": [{""coeff"": 6.0, ""var"": {""x"": 1}}, {""coeff"": 4.0}]}, ""deno"": 1}",,,RULE_0,power_rule,tangent_line,unverified,False,32,19,True,True,empty_output,Output deserialization failed: Expected token STRUCT:DENO but reached end of tokens
tangent_line,27,"{""op"": ""tangent_line"", ""var"": ""x"", ""expr"": {""numi"": {""terms"": [{""coeff"": 3, ""var"": {""x"": 1}}]}, ""deno"": 1}, ""point"": {""x"": 1}}","{""numi"": {""terms"": [{""coeff"": 3.0, ""var"": {""x"": 1}}, {""coeff"": 0.0}]}, ""deno"": 1}",,,RULE_0,power_rule,tangent_line,unverified,False,32,19,True,True,empty_output,Output deserialization failed: Expected token STRUCT:DENO but reached end of tokens
tangent_line,28,"{""op"": ""tangent_line"", ""var"": ""x"", ""expr"": {""numi"": {""terms"": [{""coeff"": -5, ""var"": {""x"": 2}}]}, ""deno"": 1}, ""point"": {""x"": -1}}","{""numi"": {""terms"": [{""coeff"": 10.0, ""var"": {""x"": 1}}, {""coeff"": 5.0}]}, ""deno"": 1}",,,RULE_0,power_rule,tangent_line,unverified,False,32,19,True,True,empty_output,Output deserialization failed: Expected token STRUCT:DENO but reached end of tokens
tangent_line,29,"{""op"": ""tangent_line"", ""var"": ""x"", ""expr"": {""numi"": {""terms"": [{""coeff"": -8, ""var"": {""x"": 1}}]}, ""deno"": 1}, ""point"": {""x"": 1}}","{""numi"": {""terms"": [{""coeff"": -8.0, ""var"": {""x"": 1}}, {""coeff"": 0.0}]}, ""deno"": 1}",,,RULE_0,power_rule,tangent_line,unverified,False,32,19,True,True,empty_output,Output deserialization failed: Expected token STRUCT:DENO but reached end of tokens
tangent_line,30,"{""op"": ""tangent_line"", ""var"": ""x"", ""expr"": {""numi"": {""terms"": [{""coeff"": 2, ""var"": {""x"": 4}}]}, ""deno"": 1}, ""point"": {""x"": 1}}","{""numi"": {""terms"": [{""coeff"": 8.0, ""var"": {""x"": 1}}, {""coeff"": -6.0}]}, ""deno"": 1}",,,RULE_0,power_rule,tangent_line,unverified,False,32,19,True,True,empty_output,Output deserialization failed: Expected token STRUCT:DENO but reached end of tokens
tangent_line,31,"{""op"": ""tangent_line"", ""var"": ""x"", ""expr"": {""numi"": {""terms"": [{""coeff"": 1, ""var"": {""x"": 2}}]}, ""deno"": 1}, ""point"": {""x"": 2}}","{""numi"": {""terms"": [{""coeff"": 4.0, ""var"": {""x"": 1}}, {""coeff"": -4.0}]}, ""deno"": 1}",,,RULE_0,power_rule,tangent_line,unverified,False,32,19,True,True,empty_output,Output deserialization failed: Expected token STRUCT:DENO but reached end of tokens
tangent_line,32,"{""op"": ""tangent_line"", ""var"": ""x"", ""expr"": {""numi"": {""terms"": [{""coeff"": 2, ""var"": {""x"": 3}}]}, ""deno"": 1}, ""point"": {""x"": 1}}","{""numi"": {""terms"": [{""coeff"": 6.0, ""var"": {""x"": 1}}, {""coeff"": -4.0}]}, ""deno"": 1}",,,RULE_0,power_rule,tangent_line,unverified,False,32,19,True,True,empty_output,Output deserialization failed: Expected token STRUCT:DENO but reached end of tokens
tangent_line,33,"{""op"": ""tangent_line"", ""var"": ""x"", ""expr"": {""numi"": {""terms"": [{""coeff"": -2, ""var"": {""x"": 2}}]}, ""deno"": 1}, ""point"": {""x"": 1}}","{""numi"": {""terms"": [{""coeff"": -4.0, ""var"": {""x"": 1}}, {""coeff"": 2.0}]}, ""deno"": 1}",,,RULE_0,power_rule,tangent_line,unverified,False,32,19,True,True,empty_output,Output deserialization failed: Expected token STRUCT:DENO but reached end of tokens
tangent_line,34,"{""op"": ""tangent_line"", ""var"": ""x"", ""expr"": {""numi"": {""terms"": [{""coeff"": 2, ""var"": {""x"": 2}}]}, ""deno"": 1}, ""point"": {""x"": -1}}","{""numi"": {""terms"": [{""coeff"": -4.0, ""var"": {""x"": 1}}, {""coeff"": -2.0}]}, ""deno"": 1}",,,RULE_0,power_rule,tangent_line,unverified,False,32,19,True,True,empty_output,Output deserialization failed: Expected token STRUCT:DENO but reached end of tokens
tangent_line,35,"{""op"": ""tangent_line"", ""var"": ""x"", ""expr"": {""numi"": {""terms"": [{""coeff"": 5, ""var"": {""x"": 1}}]}, ""deno"": 1}, ""point"": {""x"": -2}}","{""numi"": {""terms"": [{""coeff"": 5.0, ""var"": {""x"": 1}}, {""coeff"": 0.0}]}, ""deno"": 1}",,,RULE_0,power_rule,tangent_line,unverified,False,32,19,True,True,empty_output,Output deserialization failed: Expected token STRUCT:DENO but reached end of tokens
tangent_line,36,"{""op"": ""tangent_line"", ""var"": ""x"", ""expr"": {""numi"": {""terms"": [{""coeff"": -2, ""var"": {""x"": 5}}]}, ""deno"": 1}, ""point"": {""x"": 2}}","{""numi"": {""terms"": [{""coeff"": -160.0, ""var"": {""x"": 1}}, {""coeff"": 256.0}]}, ""deno"": 1}",,,RULE_0,power_rule,tangent_line,unverified,False,32,19,True,True,empty_output,Output deserialization failed: Expected token STRUCT:DENO but reached end of tokens
tangent_line,37,"{""op"": ""tangent_line"", ""var"": ""x"", ""expr"": {""numi"": {""terms"": [{""coeff"": 8, ""var"": {""x"": 1}}]}, ""deno"": 1}, ""point"": {""x"": 3}}","{""numi"": {""terms"": [{""coeff"": 8.0, ""var"": {""x"": 1}}, {""coeff"": 0.0}]}, ""deno"": 1}",,,RULE_0,power_rule,tangent_line,unverified,False,32,19,True,True,empty_output,Output deserialization failed: Expected token STRUCT:DENO but reached end of tokens
tangent_line,38,"{""op"": ""tangent_line"", ""var"": ""x"", ""expr"": {""numi"": {""terms"": [{""coeff"": 4, ""var"": {""x"": 3}}]}, ""deno"": 1}, ""point"": {""x"": -2}}","{""numi"": {""terms"": [{""coeff"": 48.0, ""var"": {""x"": 1}}, {""coeff"": 64.0}]}, ""deno"": 1}",,,RULE_0,power_rule,tangent_line,unverified,False,32,19,True,True,empty_output,Output deserialization failed: Expected token STRUCT:DENO but reached end of tokens
tangent_line,39,"{""op"": ""tangent_line"", ""var"": ""x"", ""expr"": {""numi"": {""terms"": [{""coeff"": 1, ""var"": {""x"": 3}}]}, ""deno"": 1}, ""point"": {""x"": -1}}","{""numi"": {""terms"": [{""coeff"": 3.0, ""var"": {""x"": 1}}, {""coeff"": 2.0}]}, ""deno"": 1}",,,RULE_0,power_rule,tangent_line,unverified,False,32,19,True,True,empty_output,Output deserialization failed: Expected token STRUCT:DENO but reached end of tokens
tangent_line,40,"{""op"": ""tangent_line"", ""var"": ""x"", ""expr"": {""numi"": {""terms"": [{""coeff"": 2, ""var"": {""x"": 2}}]}, ""deno"": 1}, ""point"": {""x"": -1}}","{""numi"": {""terms"": [{""coeff"": -4.0, ""var"": {""x"": 1}}, {""coeff"": -2.0}]}, ""deno"": 1}",,,RULE_0,power_rule,tangent_line,unverified,False,32,19,True,True,empty_output,Output deserialization failed: Expected token STRUCT:DENO but reached end of tokens
tangent_line,41,"{""op"": ""tangent_line"", ""var"": ""x"", ""expr"": {""numi"": {""terms"": [{""coeff"": 6, ""var"": {""x"": 1}}]}, ""deno"": 1}, ""point"": {""x"": -2}}","{""numi"": {""terms"": [{""coeff"": 6.0, ""var"": {""x"": 1}}, {""coeff"": 0.0}]}, ""deno"": 1}",,,RULE_0,power_rule,tangent_line,unverified,False,32,19,True,True,empty_output,Output deserialization failed: Expected token STRUCT:DENO but reached end of tokens
tangent_line,42,"{""op"": ""tangent_line"", ""var"": ""x"", ""expr"": {""numi"": {""terms"": [{""coeff"": 4, ""var"": {""x"": 2}}]}, ""deno"": 1}, ""point"": {""x"": 2}}","{""numi"": {""terms"": [{""coeff"": 16.0, ""var"": {""x"": 1}}, {""coeff"": -16.0}]}, ""deno"": 1}",,,RULE_0,power_rule,tangent_line,unverified,False,32,19,True,True,empty_output,Output deserialization failed: Expected token STRUCT:DENO but reached end of tokens
tangent_line,43,"{""op"": ""tangent_line"", ""var"": ""x"", ""expr"": {""numi"": {""terms"": [{""coeff"": 8, ""var"": {""x"": 1}}]}, ""deno"": 1}, ""point"": {""x"": 2}}","{""numi"": {""terms"": [{""coeff"": 8.0, ""var"": {""x"": 1}}, {""coeff"": 0.0}]}, ""deno"": 1}",,,RULE_0,power_rule,tangent_line,unverified,False,32,19,True,True,empty_output,Output deserialization failed: Expected token STRUCT:DENO but reached end of tokens
tangent_line,44,"{""op"": ""tangent_line"", ""var"": ""x"", ""expr"": {""numi"": {""terms"": [{""coeff"": -1, ""var"": {""x"": 4}}]}, ""deno"": 1}, ""point"": {""x"": 3}}","{""numi"": {""terms"": [{""coeff"": -108.0, ""var"": {""x"": 1}}, {""coeff"": 243.0}]}, ""deno"": 1}",,,RULE_0,power_rule,tangent_line,unverified,False,32,19,True,True,empty_output,Output deserialization failed: Expected token STRUCT:DENO but reached end of tokens
tangent_line,45,"{""op"": ""tangent_line"", ""var"": ""x"", ""expr"": {""numi"": {""terms"": [{""coeff"": 4, ""var"": {""x"": 2}}]}, ""deno"": 1}, ""point"": {""x"": 3}}","{""numi"": {""terms"": [{""coeff"": 24.0, ""var"": {""x"": 1}}, {""coeff"": -36.0}]}, ""deno"": 1}",,,RULE_0,power_rule,tangent_line,unverified,False,32,19,True,True,empty_output,Output deserialization failed: Expected token STRUCT:DENO but reached end of tokens
tangent_line,46,"{""op"": ""tangent_line"", ""var"": ""x"", ""expr"": {""numi"": {""terms"": [{""coeff"": -8, ""var"": {""x"": 1}}]}, ""deno"": 1}, ""point"": {""x"": 2}}","{""numi"": {""terms"": [{""coeff"": -8.0, ""var"": {""x"": 1}}, {""coeff"": 0.0}]}, ""deno"": 1}",,,RULE_0,power_rule,tangent_line,unverified,False,32,19,True,True,empty_output,Output deserialization failed: Expected token STRUCT:DENO but reached end of tokens
tangent_line,47,"{""op"": ""tangent_line"", ""var"": ""x"", ""expr"": {""numi"": {""terms"": [{""coeff"": -3, ""var"": {""x"": 1}}]}, ""deno"": 1}, ""point"": {""x"": 3}}","{""numi"": {""terms"": [{""coeff"": -3.0, ""var"": {""x"": 1}}, {""coeff"": 0.0}]}, ""deno"": 1}",,,RULE_0,power_rule,tangent_line,unverified,False,32,19,True,True,empty_output,Output deserialization failed: Expected token STRUCT:DENO but reached end of tokens
tangent_line,48,"{""op"": ""tangent_line"", ""var"": ""x"", ""expr"": {""numi"": {""terms"": [{""coeff"": -10, ""var"": {""x"": 1}}]}, ""deno"": 1}, ""point"": {""x"": -1}}","{""numi"": {""terms"": [{""coeff"": -10.0, ""var"": {""x"": 1}}, {""coeff"": 0.0}]}, ""deno"": 1}",,,RULE_0,power_rule,tangent_line,unverified,False,32,19,True,True,empty_output,Output deserialization failed: Expected token STRUCT:DENO but reached end of tokens
tangent_line,49,"{""op"": ""tangent_line"", ""var"": ""x"", ""expr"": {""numi"": {""terms"": [{""coeff"": 1, ""var"": {""x"": 5}}]}, ""deno"": 1}, ""point"": {""x"": 1}}","{""numi"": {""terms"": [{""coeff"": 5.0, ""var"": {""x"": 1}}, {""coeff"": -4.0}]}, ""deno"": 1}",,,RULE_0,power_rule,tangent_line,unverified,False,32,19,True,True,empty_output,Output deserialization failed: Expected token STRUCT:DENO but reached end of tokens